published_at,topic,source,title,url
2026-07-21T14:07:40+00:00,politics,BBC Politics,Farage calls for general election: 'Burnham has no mandate',https://www.bbc.co.uk/news/videos/cg4dz2dgv41o?at_medium=RSS&at_campaign=rss
2026-07-21T14:01:50+00:00,politics,The Hill,Watch live: House Democrats push back on Trump agenda as midterms inch closer,https://thehill.com/video-clips/5980222-watch-live-house-democrats-press-conference-midterms/
2026-07-21T14:00:00+00:00,politics,The Hill,Don't listen to Democrats whining about election interference,https://thehill.com/opinion/campaign/5978726-us-election-decentralization-explained/
2026-07-21T13:57:20+00:00,politics,BBC Politics,"Ann Widdecombe was hit on head repeatedly with hammer, prosecutors say",https://www.bbc.co.uk/news/articles/cj03r77n07jo?at_medium=RSS&at_campaign=rss
2026-07-21T13:53:57+00:00,politics,The Hill,"Father, son charged in US Forest Service workers' kidnapping",https://thehill.com/regulation/court-battles/5980013-father-son-kidnap-forest-service-employees/
2026-07-21T13:41:07+00:00,politics,The Hill,"Watch live: RFK Jr., Oz outline federal efforts to combat healthcare fraud",https://thehill.com/video-clips/5980064-watch-live-robert-f-kennedy-jr-mehmet-oz-anti-fraud-efforts-medicaid-healthcare/
2026-07-21T13:30:43+00:00,politics,The Guardian (Politics),Andy Burnham says his will be a ‘cost-of-living government’ in first cabinet meeting as PM – UK politics live,https://www.theguardian.com/politics/live/2026/jul/21/andy-burnham-pm-labour-energy-bills-cost-of-living-cabinet-latest-news-updates
2026-07-21T13:30:00+00:00,politics,The Hill,Handing agency oversight to Trump is a fatal blow to public trust,https://thehill.com/opinion/white-house/5978985-agency-independence-eroded-trust/
2026-07-21T13:28:05+00:00,politics,The Hill,Mamdani has 'no jurisdiction' to arrest Netanyahu: Israeli ambassador,https://thehill.com/policy/international/5980042-danon-rejects-mamdani-netanyahu-arrest-jurisdiction/
2026-07-21T13:28:05+00:00,politics,The Hill,Fox News pundits urge Trump to get out of Iran war,https://thehill.com/homenews/administration/5979968-fox-news-urges-trump-deescalate-iran/
2026-07-21T13:24:58+00:00,politics,The Guardian (Politics),What will Andy Burnham’s VAT cut on electricity bills mean for you?,https://www.theguardian.com/money/2026/jul/21/what-will-andy-burnhams-vat-cut-on-energy-bills-mean-for-you
2026-07-21T13:24:38+00:00,politics,The Hill,Graham funeral details released by sister's office,https://thehill.com/homenews/senate/5980028-senator-graham-memorial-services/
2026-07-21T13:19:12+00:00,politics,The Hill,O'Reilly: Trump has 'shrinking options' in Iran war,https://thehill.com/policy/defense/5979939-bill-oreilly-donald-trump-iran-war-options/
2026-07-21T13:15:31+00:00,politics,BBC Politics,Who is the UK's new chancellor?,https://www.bbc.co.uk/news/videos/c5yw8gzzgp5o?at_medium=RSS&at_campaign=rss
2026-07-21T13:09:38+00:00,politics,The Hill,Live updates: Trump hosts Lebanese president amid Iran conflict escalation,https://thehill.com/homenews/administration/5979578-live-updates-trump-iran-hegseth-caine/
2026-07-21T13:00:00+00:00,politics,The Hill,Watch live: House Republicans give remarks amid budget battle,https://thehill.com/video-clips/5979910-watch-live-house-republicans-mike-johnson-weekly-remarks/
2026-07-21T13:00:00+00:00,politics,The Hill,Watch live: House convenes hearing on confronting terrorism threat post-9/11,https://thehill.com/video-clips/5979792-watch-live-hr-mcmaster-house-intelligence-committee-terrorism-threats-post-sept-11/
2026-07-21T13:00:00+00:00,politics,The Hill,Watch live: NMAH director testifies before House DOGE panel on accusations of rewriting history,https://thehill.com/video-clips/5979860-watch-live-anthea-hartig-national-museum-american-history-house-doge-panel/
2026-07-21T13:00:00+00:00,politics,The Hill,America needs to get smarter on remote work,https://thehill.com/opinion/technology/5978927-us-government-remote-work-reform/
2026-07-21T12:56:18+00:00,politics,BBC Politics,Whitehall officials offered move to No 10 North in Manchester,https://www.bbc.co.uk/news/articles/c9d8p0l29pxo?at_medium=RSS&at_campaign=rss
2026-07-21T12:55:55+00:00,politics,The Hill,Pentagon identifies US service member killed in Iranian attack on Iraq base,https://thehill.com/policy/defense/5979954-pentagon-identifies-us-soldier-killed-iraq-iran-war/
2026-07-21T12:50:12+00:00,politics,BBC Politics,Burnham VAT cut 'already fallen apart' - Badenoch,https://www.bbc.co.uk/news/videos/cj9d0w9gvmzo?at_medium=RSS&at_campaign=rss
2026-07-21T12:47:43+00:00,politics,BBC Politics,Burnham thanks ministers for joining cabinet,https://www.bbc.co.uk/news/videos/c07rgvedx7ko?at_medium=RSS&at_campaign=rss
2026-07-21T12:39:42+00:00,politics,BBC Politics,Applause as Burnham arrives for first cabinet meeting as PM,https://www.bbc.co.uk/news/videos/cq6d28p7jgzo?at_medium=RSS&at_campaign=rss
2026-07-21T12:36:29+00:00,politics,BBC Politics,UK borrows less than expected in June but public finances remain a challenge,https://www.bbc.co.uk/news/articles/cx2vd3qgjy9o?at_medium=RSS&at_campaign=rss
2026-07-21T12:35:04+00:00,politics,BBC Politics,"Former Labour leader's ""delight"" as son becomes new Welsh secretary",https://www.bbc.co.uk/news/articles/c5y3m14km87o?at_medium=RSS&at_campaign=rss
2026-07-21T12:34:51+00:00,politics,BBC Politics,Sir Chris Bryant appointed new NI secretary,https://www.bbc.co.uk/news/articles/c20e5x4dy9lo?at_medium=RSS&at_campaign=rss
2026-07-21T12:09:38+00:00,politics,BBC Politics,Angela Rayner: Labour's working-class warrior bounces back,https://www.bbc.co.uk/news/articles/cqlz3p0ryylo?at_medium=RSS&at_campaign=rss
2026-07-21T11:31:25+00:00,politics,The Guardian (Politics),What the EU wants from Andy Burnham,https://www.theguardian.com/politics/2026/jul/21/eu-dilemmas-facing-burnham-food-exports-youth-mobility-starmer-europe
2026-07-21T11:00:28+00:00,politics,The Guardian (Politics),Andy Burnham’s first Labour cabinet: who’s in and who’s out?,https://www.theguardian.com/politics/2026/jul/20/andy-burnham-labour-cabinet-profiles
2026-07-21T10:41:41+00:00,politics,NPR Politics,Defense Secretary Pete Hegseth goes to the Hill with $350B funding request,https://www.npr.org/2026/07/21/nx-s1-5900838/defense-secretary-pete-hegseth-goes-to-the-hill-with-350b-funding-request
2026-07-21T10:41:37+00:00,politics,NPR Politics,Sen. Chris Murphy on the Iran war and Pete Hegseth's upcoming Senate testimony,https://www.npr.org/2026/07/21/nx-s1-5900980/sen-chris-murphy-on-the-iran-war-and-pete-hegseths-upcoming-senate-testimony
2026-07-21T10:31:34+00:00,politics,NPR Politics,Trump imposes 50% tariffs on Canadian goods,https://www.npr.org/2026/07/21/nx-s1-5901905/trump-imposes-tariffs-canadian-goods
2026-07-21T10:07:38+00:00,politics,BBC Politics,VAT to be cut from household electricity bills in October,https://www.bbc.co.uk/news/articles/cjwxll8jyz8o?at_medium=RSS&at_campaign=rss
2026-07-21T09:49:45+00:00,politics,The Guardian (Politics),UK borrows less than expected as Healey vows to ‘buffer against uncertainty’,https://www.theguardian.com/business/2026/jul/21/uk-borrowing-june-andy-burnham-ons-vat-electricity-bills
2026-07-21T09:48:56+00:00,politics,The Guardian (Politics),‘A big job ahead of him’: world leaders congratulate Andy Burnham as he becomes Britain’s PM,https://www.theguardian.com/politics/2026/jul/21/world-leaders-congratulate-andy-burnham-becomes-britain-pm
2026-07-21T09:32:22+00:00,politics,The Guardian (Politics),Defence shares rise after Andy Burnham appoints John Healey as chancellor,https://www.theguardian.com/business/2026/jul/21/defence-shares-rise-andy-burnham-john-healey-babcock-bae-systems
2026-07-21T09:15:55+00:00,politics,BBC Politics,AI minister role boosted but tech department axed in Burnham shake-up,https://www.bbc.co.uk/news/articles/cz97x8k4zqzo?at_medium=RSS&at_campaign=rss
2026-07-21T09:04:20+00:00,politics,The Guardian (Politics),Andy Burnham promised urgent action on the cost of living – the heat is now on chancellor John Healey to deliver it | Alfie Stirling,https://www.theguardian.com/commentisfree/2026/jul/21/andy-burnham-john-healey-chancellor-cost-of-living-treasury
2026-07-21T09:00:36+00:00,politics,BBC Politics,Starmer ally takes swipe at Burnham's first big policy,https://www.bbc.co.uk/news/articles/c62xzn3j1p2o?at_medium=RSS&at_campaign=rss
2026-07-21T09:00:36+00:00,politics,BBC Politics,Starmer ally takes swipe at Burnham's first big policy,https://www.bbc.co.uk/news/articles/c62xzn3j1p2o?at_medium=RSS&at_campaign=rss
2026-07-21T09:00:00+00:00,politics,NPR Politics,Arizona primaries set the stage for contested fall races in a swing state,https://www.npr.org/2026/07/21/nx-s1-5901065/midterms-primaries-arizona-elections
2026-07-21T08:45:00+00:00,politics,Politico,"There’s a power struggle brewing in South Carolina, and Trump might not win",https://www.politico.com/news/2026/07/21/south-carolina-trump-graham-test-01005834
2026-07-21T08:44:35+00:00,politics,NPR Politics,New Air Force One going out of commission to get safety upgrades,https://www.npr.org/2026/07/21/nx-s1-5901113/new-air-force-one-going-out-of-commission-to-get-safety-upgrades
2026-07-21T08:16:14+00:00,politics,The Guardian (Politics),UK employers cut job vacancies as Burnham aims to lift living standards,https://www.theguardian.com/business/2026/jul/21/uk-employers-job-vacancies-andy-burnham-unemployment
2026-07-21T07:57:43+00:00,politics,BBC Politics,Who's in Andy Burnham's cabinet?,https://www.bbc.co.uk/news/articles/ckg4we9g58do?at_medium=RSS&at_campaign=rss
2026-07-21T07:49:32+00:00,politics,The Guardian (Politics),Andy Burnham to cut VAT on electricity bills as first cost of living move,https://www.theguardian.com/politics/2026/jul/21/burnham-announces-plans-to-cut-vat-on-electricity-bills-as-first-cost-of-living-move
2026-07-21T07:21:06+00:00,politics,BBC Politics,Chris Mason: New chancellor faces tough spending choices,https://www.bbc.co.uk/news/articles/c24mnnnd18do?at_medium=RSS&at_campaign=rss
2026-07-21T07:00:03+00:00,politics,The Guardian (Politics),Miliband has been relentlessly attacked for net zero; what will happen now?,https://www.theguardian.com/politics/2026/jul/21/labour-briefed-against-ed-miliband-success-popularity
2026-07-21T04:00:10+00:00,politics,The Guardian (Politics),Andy Burnham’s plans could bring the UK closer to Europe than he realises,https://www.theguardian.com/commentisfree/2026/jul/21/andy-burnhams-plans-could-bring-the-uk-closer-to-europe-than-he-realises
2026-07-21T02:00:06+00:00,politics,The Guardian (Politics),Andy Burnham as new UK PM faces the defining test for the centre-left. Australia will be watching closely | Tim Soutphommasane,https://www.theguardian.com/commentisfree/2026/jul/21/andy-burnham-new-uk-pm-australia-view
2026-07-20T22:05:06+00:00,politics,The Guardian (Politics),"Briefing wars: how Labour ministers tried, and failed, to get into Burnham’s cabinet",https://www.theguardian.com/politics/2026/jul/20/briefing-wars-labour-ministers-tried-failed-burnham-cabinet-miliband-mahmood
2026-07-20T22:00:57+00:00,politics,BBC Politics,Burnham pledges to 'bring back hope' as he makes Healey chancellor,https://www.bbc.co.uk/news/articles/cvg9w2e29eno?at_medium=RSS&at_campaign=rss
2026-07-20T21:47:14+00:00,politics,BBC Politics,Burnham has big ideas - but what will they cost?,https://www.bbc.co.uk/news/articles/c9357rlk494o?at_medium=RSS&at_campaign=rss
2026-07-20T20:32:17+00:00,politics,Politico,Nancy Mace won’t run for Lindsey Graham’s Senate seat,https://www.politico.com/news/2026/07/20/nancy-mace-not-run-for-senate-01005210
2026-07-20T20:15:48+00:00,politics,BBC Politics,Louise Haigh: Labour power broker behind Burnham's rise,https://www.bbc.co.uk/news/articles/c87n0x974vjo?at_medium=RSS&at_campaign=rss
2026-07-20T20:07:01+00:00,politics,BBC Politics,Key takeaways as Andy Burnham becomes PM,https://www.bbc.co.uk/news/articles/c80nln7zgp7o?at_medium=RSS&at_campaign=rss
2026-07-20T19:28:18+00:00,politics,BBC Politics,"Foreign secretary job is honour of my life, says Ed Miliband",https://www.bbc.co.uk/news/articles/ckgdvdyzpvlo?at_medium=RSS&at_campaign=rss
2026-07-20T18:44:55+00:00,politics,BBC Politics,Who is new chancellor John Healey? Labour veteran who quit as defence secretary,https://www.bbc.co.uk/news/articles/ce85y9lm81no?at_medium=RSS&at_campaign=rss
2026-07-20T18:35:06+00:00,politics,The Guardian (Politics),"The Guardian view on Andy Burnham’s first day: the right vision, but time is of the essence | Editorial",https://www.theguardian.com/commentisfree/2026/jul/20/the-guardian-view-on-andy-burnhams-first-day-the-right-vision-but-time-is-of-the-essence
2026-07-20T17:59:45+00:00,politics,The Guardian (Politics),Ben Jennings on Andy Burnham becoming prime minister – cartoon,https://www.theguardian.com/commentisfree/picture/2026/jul/20/ben-jennings-andy-burnham-becoming-prime-minister-cartoon
2026-07-20T17:28:46+00:00,politics,The Guardian (Politics),"With PM Burnham, we’ll get warmth, audacity and knowhow. For everything else, cling to hope | Polly Toynbee",https://www.theguardian.com/commentisfree/2026/jul/20/prime-minister-andy-burnham-warmth-audacity-new-broom-cabinet
2026-07-20T15:41:02+00:00,politics,BBC Politics,Analysis: Burnham's policy choices reveal what kind of PM he wants to be,https://www.bbc.co.uk/news/articles/c3r0x5nzg0eo?at_medium=RSS&at_campaign=rss
2026-07-20T15:40:51+00:00,politics,BBC Politics,What we know about Andy Burnham's policies,https://www.bbc.co.uk/news/articles/clywzj2vk3zo?at_medium=RSS&at_campaign=rss
2026-07-20T15:34:13+00:00,politics,The Guardian (Politics),No tears from Keir as Burnham strolls into No 10 with the clock already ticking | John Crace,https://www.theguardian.com/politics/2026/jul/20/keir-starmer-andy-burnham-no-10-prime-minister-rapid-turnover
2026-07-20T14:35:51+00:00,politics,BBC Politics,Burnham pledges to end rough sleeping in first speech as prime minister,https://www.bbc.co.uk/news/articles/c0jl839j6z3o?at_medium=RSS&at_campaign=rss
2026-07-20T12:43:13+00:00,politics,BBC Politics,"Who is Andy Burnham's wife, Marie-France van Heel?",https://www.bbc.co.uk/news/articles/c75y4q61eevo?at_medium=RSS&at_campaign=rss
2026-07-20T09:35:56+00:00,politics,BBC Politics,He'll be the first Andy in No 10 - but his rise to power has been decades in the making,https://www.bbc.co.uk/news/articles/cp8pml5z8p6o?at_medium=RSS&at_campaign=rss
2026-07-20T09:12:10+00:00,politics,BBC Politics,Prisons minister Lord Timpson quits government,https://www.bbc.co.uk/news/articles/cvg0xlrvv4mo?at_medium=RSS&at_campaign=rss
2026-07-20T09:03:48+00:00,politics,BBC Politics,"Jobs, borrowing and taxes: Andy Burnham's economic challenges",https://www.bbc.co.uk/news/articles/crkvj0ngzexo?at_medium=RSS&at_campaign=rss
2026-07-20T08:42:17+00:00,politics,NPR Politics,"With just a week left until August recess, Congress faces long to-do list",https://www.npr.org/2026/07/20/nx-s1-5897469/with-just-a-week-left-until-august-recess-congress-faces-long-to-do-list
2026-07-20T08:42:12+00:00,politics,NPR Politics,Republican strategist on the hurdles the GOP faces to pass reconciliation bill,https://www.npr.org/2026/07/20/nx-s1-5899842/republican-strategist-on-the-hurdles-the-gop-faces-to-pass-reconciliation-bill
2026-07-20T08:41:56+00:00,politics,NPR Politics,Maine Democrats close in on pick to replace Senate candidate Graham Platner,https://www.npr.org/2026/07/20/nx-s1-5897456/maine-democrats-close-in-on-pick-to-replace-senate-candidate-graham-platner
2026-07-20T05:00:48+00:00,politics,The Guardian (Politics),Why has Britain’s oldest political magazine become such a rabid cheerleader for Islamophobia? | Nesrine Malik,https://www.theguardian.com/commentisfree/2026/jul/20/islamophobia-spectator-britain-oldest-political-magazine
2026-07-20T04:00:24+00:00,politics,Politico,That's a wrap,https://www.politico.com/live-updates/2026/07/19/world-cup-2026/thats-a-wrap-01004722
2026-07-20T03:32:17+00:00,politics,Politico,Will the 2034 cup be in 2035?,https://www.politico.com/live-updates/2026/07/19/world-cup-2026/saudi-2034-schedule-2035-01004717
2026-07-20T02:58:00+00:00,politics,Politico,Moroccan and Saudi World Cups draw human rights concerns,https://www.politico.com/live-updates/2026/07/19/world-cup-2026/morocco-saudi-2030-human-rights-lgbt-01004663
2026-07-20T01:40:00+00:00,politics,Politico,The World Cup's missing country,https://www.politico.com/live-updates/2026/07/19/world-cup-2026/china-qualification-soccer-future-01004659
2026-07-20T01:29:57+00:00,politics,Politico,"Will New York, New Jersey do sports together ever again?",https://www.politico.com/live-updates/2026/07/19/world-cup-2026/new-york-new-jersey-sports-partnership-future-01004665
2026-07-20T01:07:00+00:00,politics,Politico,LA’s next mega-event test: The coming climate Olympics,https://www.politico.com/live-updates/2026/07/19/world-cup-2026/los-angeles-olympics-legacy-climate-transit-01004649
2026-07-20T01:00:16+00:00,politics,Politico,NJ Transit achieves its World Cup goooal!,https://www.politico.com/live-updates/2026/07/19/world-cup-2026/nj-transit-achieves-its-goooal-01004652
2026-07-20T00:00:00+00:00,politics,Politico,Chicago passed on the World Cup but has other sports plans,https://www.politico.com/live-updates/2026/07/19/world-cup-2026/chicago-future-sports-plans-soccer-01004637
2026-07-19T23:53:59+00:00,politics,BBC Politics,Chris Mason: Burnham is fifth PM in four years - now he'll try to buck the trend,https://www.bbc.co.uk/news/articles/cr7knml2y99o?at_medium=RSS&at_campaign=rss
2026-07-19T23:45:00+00:00,politics,Politico,Did World Cup permanently change ticket-price politics?,https://www.politico.com/live-updates/2026/07/19/world-cup-2026/ghost-ticket-resale-laws-01004626
2026-07-19T23:32:52+00:00,politics,Politico,"New York, New Jersey to examine whether World Cup funds were money well spent",https://www.politico.com/live-updates/2026/07/19/world-cup-2026/new-york-new-jersey-costs-hosting-world-cup-01004624
2026-07-19T21:34:59+00:00,politics,Politico,It's Giuliani (extra) time,https://www.politico.com/live-updates/2026/07/19/world-cup-2026/its-giuliani-extra-time-01004600
2026-07-19T21:30:00+00:00,politics,Politico,Spot the pol!,https://www.politico.com/live-updates/2026/07/19/world-cup-2026/spot-the-pol-diplomat-consular-cases-01004356
2026-07-19T20:52:42+00:00,politics,Politico,All the president's guests,https://www.politico.com/live-updates/2026/07/19/world-cup-2026/trump-box-sheinbaum-carney-felipe-guests-01004589
2026-07-19T20:29:59+00:00,politics,Politico,A very Infantino-coded show,https://www.politico.com/live-updates/2026/07/19/world-cup-2026/halftime-show-infantino-shakira-bieber-madonna-bts-01004582
2026-07-19T20:00:00+00:00,politics,Politico,The World Cup final came to town. The town grew 8 times larger.,https://www.politico.com/live-updates/2026/07/19/world-cup-2026/who-rules-east-rutherford-mayor-jeffrey-lahullier-01004348
2026-07-19T20:00:00+00:00,politics,Politico,FIFA's soccer-agent rules survive EU court ruling … for now,https://www.politico.com/live-updates/2026/07/19/world-cup-2026/fifa-soccer-agent-rules-survive-european-court-justice-ruling-01004328
2026-07-19T19:51:39+00:00,politics,Politico,The awkward encounters ahead of Trump,https://www.politico.com/live-updates/2026/07/19/world-cup-2026/trump-sheinbaum-carney-encounters-final-01004577
2026-07-19T19:30:00+00:00,politics,Politico,Europeans say ugh to half-time show,https://www.politico.com/live-updates/2026/07/19/world-cup-2026/world-cup-final-half-time-show-polling-01004327
2026-07-19T19:00:00+00:00,politics,Politico,Spot the pol!,https://www.politico.com/live-updates/2026/07/19/world-cup-2026/spot-the-pol-diplomat-ramallah-01004354
2026-07-19T18:55:40+00:00,politics,Politico,'They're trying not to pay their bills': Sherrill unhappy with FIFA as World Cup wraps up,https://www.politico.com/live-updates/2026/07/19/world-cup-2026/mikie-sherrill-trump-fifa-finals-01004560
2026-07-19T18:35:35+00:00,politics,Politico,Spain or Argentina? Politicians are divided on the World Cup final,https://www.politico.com/live-updates/2026/07/19/world-cup-2026/final-predictions-politicians-01004558
2026-07-19T18:35:16+00:00,politics,BBC Politics,Thames Water lenders preparing legal challenge in event of Burnham nationalisation,https://www.bbc.co.uk/news/articles/cx278ed09nzo?at_medium=RSS&at_campaign=rss
2026-07-19T18:13:57+00:00,politics,Politico,Mamdani’s NYC World Cup jerseys beat the bots,https://www.politico.com/live-updates/2026/07/19/world-cup-2026/mamdani-jerseys-new-york-city-01004552
2026-07-19T17:55:37+00:00,politics,Politico,Troy Jackson has effectively secured the Maine Senate Democratic nomination,https://www.politico.com/news/2026/07/19/troy-jackson-likely-maine-senate-nominee-platner-01004490
2026-07-19T17:48:18+00:00,politics,Politico,Why Spain's right is ready to cheer,https://www.politico.com/live-updates/2026/07/19/world-cup-2026/why-spains-right-ready-to-cheer-politico-poll-pride-win-01004350
2026-07-19T17:15:00+00:00,politics,Politico,Did MAGA ever really fall in love with the world’s game?,https://www.politico.com/live-updates/2026/07/19/world-cup-2026/maga-soccer-fling-pulisic-country-roads-america-first-01004349
2026-07-19T17:14:20+00:00,politics,The Guardian (Politics),Ella Baron on the revolving door of Downing Street – cartoon,https://www.theguardian.com/commentisfree/picture/2026/jul/19/ella-baron-revolving-door-downing-street-cartoon
2026-07-19T16:54:56+00:00,politics,Politico,Ireland's World Cup play,https://www.politico.com/live-updates/2026/07/19/world-cup-2026/ireland-sports-tech-soccer-01004485
2026-07-19T16:00:00+00:00,politics,Politico,"Following Messi's lead, Milei bids to separate stadium and state",https://www.politico.com/live-updates/2026/07/19/world-cup-2026/javier-milei-soccer-politics-argentina-spain-world-cup-final-01004323
2026-07-19T15:56:06+00:00,politics,Politico,Maine Democrat Shenna Bellows drops out of race to replace Graham Platner,https://www.politico.com/news/2026/07/19/shenna-bellows-drops-out-maine-senate-01004452
2026-07-19T14:27:15+00:00,politics,BBC Politics,Is Burnham promising a new dawn for North Sea oil and gas?,https://www.bbc.co.uk/news/articles/c4g3l22ry6wo?at_medium=RSS&at_campaign=rss
2026-07-19T14:23:44+00:00,politics,BBC Politics,"Burnham will be bolder but stick to Labour manifesto, deputy leader says",https://www.bbc.co.uk/news/articles/cx2k76gydreo?at_medium=RSS&at_campaign=rss
2026-07-19T13:06:58+00:00,politics,NPR Politics,Georgia official discusses Trump's claims about election security,https://www.npr.org/2026/07/19/nx-s1-5896326/georgia-official-discusses-trumps-claims-about-election-security
2026-07-19T12:13:24+00:00,politics,NPR Politics,Trump said the election system is broken. What do swing voters make of the claim?,https://www.npr.org/2026/07/19/nx-s1-5898445/trump-said-the-election-system-is-broken-what-do-swing-voters-make-of-the-claim
2026-07-19T10:59:07+00:00,politics,BBC Politics,Chinese firm seeks compensation over British Steel nationalisation,https://www.bbc.co.uk/news/articles/cwyj4ppqn41o?at_medium=RSS&at_campaign=rss
2026-07-19T08:55:06+00:00,politics,BBC Politics,Digital ID plan to be scrapped in Burnham's first major policy pledge,https://www.bbc.co.uk/news/articles/c5y08z25q8eo?at_medium=RSS&at_campaign=rss
2026-07-19T00:08:17+00:00,politics,BBC Politics,Can Burnham's casual style survive contact with No 10?,https://www.bbc.co.uk/news/articles/cvgq2qr9gxdo?at_medium=RSS&at_campaign=rss
2026-07-18T15:01:33+00:00,politics,BBC Politics,"Burnham is 'people pleaser' with 'airy fairy' plans, says Kemi Badenoch",https://www.bbc.co.uk/news/articles/c304l24m0leo?at_medium=RSS&at_campaign=rss
2026-07-18T14:32:48+00:00,politics,BBC Politics,Ruthless plotter? Flip-flopper? Dad dancer? Insiders reveal the real Andy Burnham,https://www.bbc.co.uk/news/articles/c3043vl2l7zo?at_medium=RSS&at_campaign=rss
2026-07-18T05:02:37+00:00,politics,BBC Politics,Lib Dems urge FA and Uefa to withdraw from Fifa,https://www.bbc.co.uk/news/articles/ce3qw4lq1d7o?at_medium=RSS&at_campaign=rss
2026-07-17T21:06:11+00:00,politics,BBC Politics,Clacton by-election attracts 34 candidates,https://www.bbc.co.uk/news/articles/ckge923jk3vo?at_medium=RSS&at_campaign=rss
2026-07-17T16:48:44+00:00,politics,BBC Politics,MP found not guilty of sexually assaulting women,https://www.bbc.co.uk/news/articles/c9323zddvwko?at_medium=RSS&at_campaign=rss
2026-07-17T15:10:40+00:00,politics,The Guardian (Politics),Martin Rowson on Andy Burnham taking over from Keir Starmer – cartoon,https://www.theguardian.com/commentisfree/picture/2026/jul/17/martin-rowson-andy-burnham-keir-starmer-labour-cartoon
2026-07-17T14:48:50+00:00,politics,BBC Politics,First Reform UK police commissioner elected,https://www.bbc.co.uk/news/articles/c934p5vze87o?at_medium=RSS&at_campaign=rss
2026-07-17T13:52:20+00:00,politics,BBC Politics,Burnham promises huge change - but leaves questions about plan to deliver it,https://www.bbc.co.uk/news/articles/cz7djw5dznpo?at_medium=RSS&at_campaign=rss
2026-07-17T05:59:36+00:00,politics,BBC Politics,Five headaches Andy Burnham will have to deal with as PM,https://www.bbc.co.uk/news/articles/c62122pgjqdo?at_medium=RSS&at_campaign=rss
2026-07-17T05:00:08+00:00,politics,BBC Politics,Burnham's 'Manchesterism' got him to No 10 - but will it work for the UK?,https://www.bbc.co.uk/news/articles/clyl3z2xld8o?at_medium=RSS&at_campaign=rss
2026-07-17T05:00:08+00:00,politics,BBC Politics,Burnham's 'Manchesterism' got him to No 10 - but will it work for the UK?,https://www.bbc.co.uk/news/articles/clyl3z2xld8o?at_medium=RSS&at_campaign=rss
2026-07-16T05:00:04+00:00,politics,BBC Politics,Can Andy Burnham solve the housing crisis?,https://www.bbc.co.uk/news/articles/c3wygjz632qo?at_medium=RSS&at_campaign=rss
2026-07-15T17:32:04+00:00,politics,BBC Politics,Burnham does not rule out wealth tax,https://www.bbc.co.uk/news/articles/c89nww3z99po?at_medium=RSS&at_campaign=rss
2026-07-15T12:09:08+00:00,politics,BBC Politics,Cash-strapped Thames Water poses big test for Burnham,https://www.bbc.co.uk/news/articles/c4gygy43103o?at_medium=RSS&at_campaign=rss
2026-07-14T17:15:03+00:00,politics,BBC Politics,Row after Tory bid to make Burnham face MPs before autumn fails,https://www.bbc.co.uk/news/articles/cj6g61y6lpro?at_medium=RSS&at_campaign=rss
2026-07-14T05:10:25+00:00,politics,BBC Politics,Chris Mason: Investigation into Widdecombe's death rekindles debate over how to protect politicians,https://www.bbc.co.uk/news/articles/cvgdgx01y98o?at_medium=RSS&at_campaign=rss
2026-07-12T23:49:28+00:00,politics,BBC Politics,"Burnham set for No 10: BBC correspondents on what Trump, Putin and others will make of him",https://www.bbc.co.uk/news/articles/cn8qzlvlz81o?at_medium=RSS&at_campaign=rss
2026-07-11T02:09:53+00:00,politics,BBC Politics,Ann Widdecombe's 'extraordinary' character,https://www.bbc.co.uk/news/videos/cjeg57jdxnvo?at_medium=RSS&at_campaign=rss
2026-07-09T08:35:18+00:00,politics,BBC Politics,How a rise in ADHD benefits claims is adding to welfare spending challenge,https://www.bbc.co.uk/news/articles/c24ym9yd8p6o?at_medium=RSS&at_campaign=rss
2026-07-07T23:13:38+00:00,politics,BBC Politics,How the leasehold revolution could transform neighbourly relations,https://www.bbc.co.uk/news/articles/cp8llpp67l1o?at_medium=RSS&at_campaign=rss
2026-07-07T08:49:07+00:00,politics,BBC Politics,'Posh George': Who is aristocrat and convicted criminal at heart of Farage controversy?,https://www.bbc.co.uk/news/articles/c5yzzw5vk8vo?at_medium=RSS&at_campaign=rss
2026-07-04T12:19:05+00:00,politics,BBC Politics,The massive scramble behind the scenes before the new PM arrives,https://www.bbc.co.uk/news/articles/cj4g0n0p15xo?at_medium=RSS&at_campaign=rss
2026-07-01T07:34:48+00:00,politics,BBC Politics,Why Starmer's defence plan leaves next PM with £4.7bn headache,https://www.bbc.co.uk/news/articles/c9q250511neo?at_medium=RSS&at_campaign=rss
2026-06-30T20:21:11+00:00,politics,BBC Politics,Will Starmer's plan for defence help UK hit Nato's spending target?,https://www.bbc.co.uk/news/articles/cn07ey43xpeo?at_medium=RSS&at_campaign=rss
2026-06-30T17:43:17+00:00,politics,BBC Politics,Frank Gardner: Key points from government's defence spending plan,https://www.bbc.co.uk/news/articles/cn0vzjn54eeo?at_medium=RSS&at_campaign=rss
2026-06-29T07:43:58+00:00,politics,BBC Politics,The people and places that helped Andy Burnham find self-belief,https://www.bbc.co.uk/news/articles/c2eymr3xrewo?at_medium=RSS&at_campaign=rss
2026-06-24T08:42:42+00:00,politics,BBC Politics,Burnham's people: MPs and advisers in line for a job if he gains power,https://www.bbc.co.uk/news/articles/c8621d1egw1o?at_medium=RSS&at_campaign=rss
2026-06-23T23:07:34+00:00,politics,BBC Politics,"Ten years on, Brexit's economic impact is becoming clearer",https://www.bbc.co.uk/news/articles/cyv0m164m84o?at_medium=RSS&at_campaign=rss
2026-06-06T11:08:22+00:00,politics,BBC Politics,The Nowak murder has lit a match under British politics. This is how we got here,https://www.bbc.co.uk/news/articles/c39297vxmw2o?at_medium=RSS&at_campaign=rss
2026-05-16T23:26:41+00:00,politics,BBC Politics,Is it harder than ever to be prime minister?,https://www.bbc.co.uk/news/articles/cqjpe7q0j1xo?at_medium=RSS&at_campaign=rss
2026-04-25T12:07:54+00:00,politics,BBC Politics,Relish and dread as Starmer 'shambles' hangs over Scotland and Wales elections,https://www.bbc.co.uk/news/articles/cq59xvdzjv7o?at_medium=RSS&at_campaign=rss
2026-07-21T13:57:51+00:00,breaking-news,ABC News (Top Stories),Millions along I-95 corridor brace for new flood threat,https://abcnews.com/US/northeast-braces-flash-flooding-threat/story?id=134927985
2026-07-21T13:57:20+00:00,breaking-news,BBC News (Top Stories),"Ann Widdecombe was hit on head repeatedly with hammer, prosecutors say",https://www.bbc.co.uk/news/articles/cj03r77n07jo?at_medium=RSS&at_campaign=rss
2026-07-21T13:47:23+00:00,breaking-news,BBC News (Top Stories),"Ozempic-maker sues rival, accusing it of false advertising",https://www.bbc.co.uk/news/articles/c3v0rzd2l17o?at_medium=RSS&at_campaign=rss
2026-07-21T13:46:05+00:00,breaking-news,BBC News (Top Stories),Parts of the UK move closer to drought,https://www.bbc.co.uk/weather/articles/cjwx0xv571eo?at_medium=RSS&at_campaign=rss
2026-07-21T13:41:54+00:00,breaking-news,BBC News (Top Stories),Progress or standing still - where are England under Borthwick?,https://www.bbc.co.uk/sport/rugby-union/articles/crr8r25yv7vo?at_medium=RSS&at_campaign=rss
2026-07-21T13:38:29+00:00,breaking-news,BBC News (Top Stories),Man found guilty of helping escaped prisoner Daniel Khalife,https://www.bbc.co.uk/news/articles/cq89q7p5g1ko?at_medium=RSS&at_campaign=rss
2026-07-21T13:32:04+00:00,breaking-news,Al Jazeera,India tunnel collapse at a hydropower project kills 10 as 17 remain missing,https://www.aljazeera.com/news/2026/7/21/india-tunnel-collapse-at-a-hydropower-project-kills-10-as-17-remain-missing?traffic_source=rss
2026-07-21T13:26:40+00:00,breaking-news,Al Jazeera,‘There is ‌no safe place’: Israeli attack kills family of six in Gaza,https://www.aljazeera.com/news/2026/7/21/there-is-no-safe-place-israeli-attack-kills-family-of-six-in-gaza?traffic_source=rss
2026-07-21T13:25:37+00:00,breaking-news,Al Jazeera,Trump’s new 50 percent Canada tariffs: What products are affected and why?,https://www.aljazeera.com/news/2026/7/21/trumps-new-50-percent-canada-tariffs-what-products-are-affected-and-why?traffic_source=rss
2026-07-21T13:24:45+00:00,breaking-news,BBC News (Top Stories),What could Burnham as PM mean for sport?,https://www.bbc.co.uk/sport/olympics/articles/c80nvp5d1mno?at_medium=RSS&at_campaign=rss
2026-07-21T13:21:54+00:00,breaking-news,BBC News (Top Stories),Ferguson says Keegan built Newcastle's greatest team,https://www.bbc.co.uk/sport/football/articles/cpd7nzxzdjqo?at_medium=RSS&at_campaign=rss
2026-07-21T13:17:06+00:00,breaking-news,ABC News (Top Stories),WATCH: Is 2026 the year that saved movies?,https://abcnews.com/video/134943156/
2026-07-21T13:17:04+00:00,breaking-news,Al Jazeera,Bodycam shows Florida student tased and arrested by campus police,https://www.aljazeera.com/video/newsfeed/2026/7/21/bodycam-shows-florida-student-tased-and-arrested-by-campus-police?traffic_source=rss
2026-07-21T13:16:57+00:00,breaking-news,ABC News (Top Stories),WATCH: Dog reunited with family after 10 days,https://abcnews.com/video/134943170/
2026-07-21T13:15:01+00:00,breaking-news,ABC News (Top Stories),WATCH: 10-foot great white shark stalks swimmers off Southern California,https://abcnews.com/video/134943149/
2026-07-21T13:14:53+00:00,breaking-news,ABC News (Top Stories),WATCH: Spain celebrates World Cup title,https://abcnews.com/video/134943144/
2026-07-21T13:10:49+00:00,breaking-news,BBC News (Top Stories),Ryanair boss says 'foreign object' may have broken plane window,https://www.bbc.co.uk/news/articles/cy9wq82q1pgo?at_medium=RSS&at_campaign=rss
2026-07-21T13:01:20+00:00,breaking-news,BBC News (Top Stories),Keeper Martinez may 'step aside' from Argentina,https://www.bbc.co.uk/sport/football/articles/c62xzle86n4o?at_medium=RSS&at_campaign=rss
2026-07-21T13:01:09+00:00,breaking-news,BBC News (Top Stories),Watch Texas police officer pull man from burning car,https://www.bbc.co.uk/news/videos/clyej920j5po?at_medium=RSS&at_campaign=rss
2026-07-21T13:00:00+00:00,breaking-news,NPR (Top Stories),"The best games of 2026 so far, picked by NPR's staff",https://www.npr.org/2026/07/21/nx-s1-5897567/best-games-2026-npr
2026-07-21T12:59:28+00:00,breaking-news,Al Jazeera,Baby trafficking ringleader jailed for 7 years,https://www.aljazeera.com/video/newsfeed/2026/7/21/baby-trafficking-ringleader-jailed-for-7-years?traffic_source=rss
2026-07-21T12:56:21+00:00,breaking-news,Al Jazeera,Mexican drug lord ‘El Mayo’ sentenced to life in US prison,https://www.aljazeera.com/video/newsfeed/2026/7/21/mexican-drug-lord-el-mayo-sentenced-to-life-in-us-prison?traffic_source=rss
2026-07-21T12:56:18+00:00,breaking-news,BBC News (Top Stories),London-based civil servants offered move to No 10 North in Manchester,https://www.bbc.co.uk/news/articles/c9d8p0l29pxo?at_medium=RSS&at_campaign=rss
2026-07-21T12:48:37+00:00,breaking-news,BBC News (Top Stories),Dozens hurt in Bologna protests after man dies while being restrained by police,https://www.bbc.co.uk/news/articles/c86nwgw148xo?at_medium=RSS&at_campaign=rss
2026-07-21T12:45:44+00:00,breaking-news,BBC News (Top Stories),Thames Water announces hosepipe ban for 10.1 million,https://www.bbc.co.uk/news/articles/crmrnvl2xw8o?at_medium=RSS&at_campaign=rss
2026-07-21T12:34:05+00:00,breaking-news,Al Jazeera,"Iran war: Look beyond stocks to understand state of economy, experts say",https://www.aljazeera.com/economy/2026/7/21/iran-war-look-beyond-stocks-to-understand-state-of-economy-experts-say?traffic_source=rss
2026-07-21T12:33:15+00:00,breaking-news,BBC News (Top Stories),Row escalates in Ukraine over army chief's future,https://www.bbc.co.uk/news/articles/c7vgel8374yo?at_medium=RSS&at_campaign=rss
2026-07-21T12:29:11+00:00,breaking-news,ABC News (Top Stories),Iran live updates: Pentagon names soldier killed in Iraq by downed Iranian drone,https://abcnews.com/International/live-updates/iran-live-updates-kuwait-attacked-bahrain-sounds-sirens/?id=134907987
2026-07-21T12:26:34+00:00,breaking-news,BBC News (Top Stories),"Infantino's 'time is up' with Fifa, La Liga boss says",https://www.bbc.co.uk/sport/football/articles/cqjxzy44l0vo?at_medium=RSS&at_campaign=rss
2026-07-21T12:26:34+00:00,breaking-news,BBC News (Top Stories),Infantino's 'time is up' with Fifa - La Liga boss,https://www.bbc.co.uk/sport/football/articles/cqjxzy44l0vo?at_medium=RSS&at_campaign=rss
2026-07-21T12:21:27+00:00,breaking-news,BBC News (Top Stories),Russian warship carried out firing exercise off Plymouth coast,https://www.bbc.co.uk/news/articles/ce970jryrk3o?at_medium=RSS&at_campaign=rss
2026-07-21T12:09:38+00:00,breaking-news,BBC News (Top Stories),Angela Rayner: Labour's working-class warrior bounces back,https://www.bbc.co.uk/news/articles/cqlz3p0ryylo?at_medium=RSS&at_campaign=rss
2026-07-21T12:03:39+00:00,breaking-news,Al Jazeera,How a 64-team World Cup could transform football’s economics,https://www.aljazeera.com/sports/2026/7/21/how-a-64-team-world-cup-could-transform-footballs-economics?traffic_source=rss
2026-07-21T12:00:56+00:00,breaking-news,NPR (Top Stories),India's youth-led Cockroach movement vows to continue protest after police crackdown,https://www.npr.org/2026/07/21/g-s1-134722/indias-youth-led-cockroach-movement-vows-to-continue-protest-after-police-crackdown
2026-07-21T11:58:57+00:00,breaking-news,Google News (wrapper),Microsoft Defender XDR Blind Spot Lets Public C2 Traffic Evade Detection Queries - gbhackers.com,https://news.google.com/rss/articles/CBMiZ0FVX3lxTE1mbUljeUQxbmwtSm1hUWg3LWdWYko5NFpuYXd2ZFNrYkIzLVVCcWpaN2hRcmVBblZpRF80VVZ5QWlkczI4UVk3NU1XWHdFN2ZfOF9mWVFZQ0xLNWMwaXVSLUs3MEZ2ZUnSAWxBVV95cUxONGhscWk2eHZXLUc2QUpUV19zVGFMSEswUlpnY2UyNThKTGQzcXQzNFNTOF84dkJ2NTJqQlhIS01kUC1tbGlXUmZIUzJTVzV1bmMteDBTcG40U3FPNl9QV0dQOWtHeTloUVBYS0o?oc=5
2026-07-21T11:57:27+00:00,breaking-news,ABC News (Top Stories),CVS announces new pharmacy option for pet owners,https://abcnews.com/GMA/Living/cvs-announces-new-pharmacy-option-pet-owners/story?id=134929022
2026-07-21T11:51:37+00:00,breaking-news,Al Jazeera,India’s ‘cockroach’ protest movement halts marches after police violence,https://www.aljazeera.com/news/2026/7/21/indias-cockroach-protest-movement-halts-marches-after-police-violence?traffic_source=rss
2026-07-21T11:42:41+00:00,breaking-news,BBC News (Top Stories),Trump slaps 50% tariffs on Canada and Carney vows to 'intensify' trade talks,https://www.bbc.co.uk/news/articles/cg4dzq3x3e1o?at_medium=RSS&at_campaign=rss
2026-07-21T11:32:47+00:00,breaking-news,Al Jazeera,Hunger is falling but is still higher than pre-COVID levels: UN report,https://www.aljazeera.com/news/2026/7/21/hunger-is-falling-but-is-still-higher-than-pre-covid-levels-un-report?traffic_source=rss
2026-07-21T11:24:05+00:00,breaking-news,Al Jazeera,Hamas’s new leader must bridge a movement divided over Iran,https://www.aljazeera.com/opinions/2026/7/21/hamass-new-leader-must-bridge-a-movement-divided-over-iran?traffic_source=rss
2026-07-21T11:15:29+00:00,breaking-news,ABC News (Top Stories),WATCH: Woman gives birth to rare identical quadruplets,https://abcnews.com/video/134941435/
2026-07-21T11:12:41+00:00,breaking-news,NPR (Top Stories),"Iran-backed Houthis announce blockade. And, Cyclospora source remains unknown",https://www.npr.org/2026/07/21/g-s1-134720/up-first-newsletter-yemen-houthi-iran-war-pete-hegseth-pentagon-fda-cyclospora
2026-07-21T11:11:59+00:00,breaking-news,Al Jazeera,‘Won’t back down’: Indian student protesters return after police crackdown,https://www.aljazeera.com/news/2026/7/21/wont-back-down-indian-student-protesters-return-after-police-crackdown?traffic_source=rss
2026-07-21T11:10:02+00:00,breaking-news,Al Jazeera,Lebanese president set to meet Trump as Beirut seeks Israeli withdrawal,https://www.aljazeera.com/news/2026/7/21/lebanese-president-set-to-meet-trump-as-beirut-seeks-israeli-withdrawal?traffic_source=rss
2026-07-21T10:47:32+00:00,breaking-news,ABC News (Top Stories),WATCH: Small plane crash lands on Texas home,https://abcnews.com/video/134932139/
2026-07-21T10:43:48+00:00,breaking-news,BBC News (Top Stories),Lebanese army says troops deploying in 'pilot zone' after Israeli withdrawal,https://www.bbc.co.uk/news/articles/cy8mynlmn55o?at_medium=RSS&at_campaign=rss
2026-07-21T10:31:34+00:00,breaking-news,NPR (Top Stories),Trump imposes 50% tariffs on Canadian goods,https://www.npr.org/2026/07/21/nx-s1-5901905/trump-imposes-tariffs-canadian-goods
2026-07-21T10:31:33+00:00,breaking-news,ABC News (Top Stories),WATCH: Internet-famous Jackie the eagle recovering after fight,https://abcnews.com/video/134940949/
2026-07-21T10:30:45+00:00,breaking-news,BBC News (Top Stories),Thames Water lenders offer 'golden share' to head off nationalisation,https://www.bbc.co.uk/news/articles/clyv43x372wo?at_medium=RSS&at_campaign=rss
2026-07-21T10:30:00+00:00,breaking-news,NPR (Top Stories),"How soccer brings a Bhutanese community together in Harrisburg, Pa.",https://www.npr.org/sections/the-picture-show/2026/07/21/nx-s1-5897423/soccer-in-us-nepali-bhutanese-community
2026-07-21T10:30:00+00:00,breaking-news,NPR (Top Stories),The best economic ideas from around the world — Planet Money Summer School is back,https://www.npr.org/sections/planet-money/2026/07/21/g-s1-134281/the-best-economic-ideas-from-around-the-world-planet-money-summer-school-is-back
2026-07-21T10:28:16+00:00,breaking-news,Al Jazeera,Arizona’s primary elections: Which US races to watch and why they matter,https://www.aljazeera.com/news/2026/7/21/arizonas-primary-elections-which-us-races-to-watch-and-why-they-matter?traffic_source=rss
2026-07-21T10:27:31+00:00,breaking-news,Al Jazeera,Lebanon’s Joseph Aoun to meet Trump: What to expect,https://www.aljazeera.com/news/2026/7/21/lebanons-joseph-aoun-to-meet-trump-what-to-expect?traffic_source=rss
2026-07-21T10:25:18+00:00,breaking-news,Al Jazeera,FIFA World Cup 2026: Who had the most goals and assists at the tournament?,https://www.aljazeera.com/sports/2026/7/21/who-scored-the-most-goals-kept-clean-sheets-made-assists-fifa-world-cup-yellow-cards-saves?traffic_source=rss
2026-07-21T10:21:43+00:00,breaking-news,NPR (Top Stories),"Amid U.S.-Iran war, Houthi rebels threaten to blockade another key strait",https://www.npr.org/2026/07/21/nx-s1-5901846/us-iran-updates
2026-07-21T10:21:08+00:00,breaking-news,Al Jazeera,Can AI systems make moral decisions in war?,https://www.aljazeera.com/news/2026/7/21/can-ai-systems-make-moral-decisions-in-war?traffic_source=rss
2026-07-21T10:20:22+00:00,breaking-news,Al Jazeera,"Andy Burnham to cut taxes on electricity bills, announces new UK cabinet",https://www.aljazeera.com/news/2026/7/21/andy-burnham-to-cut-taxes-on-electricity-bills-announces-new-uk-cabinet?traffic_source=rss
2026-07-21T10:19:06+00:00,breaking-news,Al Jazeera,Australian MP interrupts tough interview to yell at dog,https://www.aljazeera.com/video/newsfeed/2026/7/21/australian-mp-interrupts-tough-interview-to-yell-at-dog?traffic_source=rss
2026-07-21T10:15:25+00:00,breaking-news,BBC News (Top Stories),Boy who inspired organ donation law in NI gets new heart after 8-year wait,https://www.bbc.co.uk/news/articles/cx27ne84lewo?at_medium=RSS&at_campaign=rss
2026-07-21T10:07:38+00:00,breaking-news,BBC News (Top Stories),VAT to be cut from household electricity bills in October,https://www.bbc.co.uk/news/articles/cjwxll8jyz8o?at_medium=RSS&at_campaign=rss
2026-07-21T10:00:00+00:00,breaking-news,NPR (Top Stories),"Amid nurse shortage, a university rolls out the welcome mat for men",https://www.npr.org/2026/07/21/nx-s1-5869813/nursing-men-jobs-male-nurses
2026-07-21T09:52:56+00:00,breaking-news,Al Jazeera,Huge fire at Ukraine shopping centre after Russian drone strike,https://www.aljazeera.com/video/newsfeed/2026/7/21/huge-fire-at-ukraine-shopping-centre-after-russian-drone-strike?traffic_source=rss
2026-07-21T09:48:55+00:00,breaking-news,Al Jazeera,Argentina deny World Cup villains’ role after Samuel Jackson-led slants,https://www.aljazeera.com/sports/2026/7/21/argentina-grapple-with-world-cup-villainy-amid-samuel-l-jackson-led-slant?traffic_source=rss
2026-07-21T09:48:20+00:00,breaking-news,BBC News (Top Stories),"US launches fresh strikes on Iran, as Trump warns of retaliation for deaths of soldiers",https://www.bbc.co.uk/news/articles/cx25wg2x26do?at_medium=RSS&at_campaign=rss
2026-07-21T09:18:50+00:00,breaking-news,Al Jazeera,Philippine Foreign Secretary says ASEAN must work together,https://www.aljazeera.com/video/newsfeed/2026/7/21/philippine-foreign-secretary-says-asean-must-work-together-2?traffic_source=rss
2026-07-21T09:16:11+00:00,breaking-news,Al Jazeera,Philippine Foreign Secretary says ASEAN must work together,https://www.aljazeera.com/video/newsfeed/2026/7/21/philippine-foreign-secretary-says-asean-must-work-together?traffic_source=rss
2026-07-21T09:04:50+00:00,breaking-news,Al Jazeera,"Hormuz tankers on fire, as US, Iran continue attacks: What’s the latest?",https://www.aljazeera.com/news/2026/7/21/hormuz-tankers-on-fire-as-us-iran-continue-attacks-whats-the-latest?traffic_source=rss
2026-07-21T09:00:36+00:00,breaking-news,BBC News (Top Stories),Chris Mason: Starmer ally takes swipe at Burnham's first big policy,https://www.bbc.co.uk/news/articles/c62xzn3j1p2o?at_medium=RSS&at_campaign=rss
2026-07-21T09:00:00+00:00,breaking-news,NPR (Top Stories),A homeless man was charged with a felony for camping. He's one of the first,https://www.npr.org/2026/07/21/nx-s1-5887358/tennessee-homeless-arrest-felony-camping-ban
2026-07-21T09:00:00+00:00,breaking-news,NPR (Top Stories),Arizona primaries set the stage for contested fall races in a swing state,https://www.npr.org/2026/07/21/nx-s1-5901065/midterms-primaries-arizona-elections
2026-07-21T08:56:19+00:00,breaking-news,Al Jazeera,Mamdani says he takes Netanyahu’s ICC arrest warrant ‘seriously’,https://www.aljazeera.com/video/newsfeed/2026/7/21/mamdani-says-he-takes-netanyahus-icc-arrest-warrant?traffic_source=rss
2026-07-21T08:39:22+00:00,breaking-news,BBC News (Top Stories),Does Scotland have the helicopters it needs to fight wildfires?,https://www.bbc.co.uk/news/articles/cy8enzjdz0qo?at_medium=RSS&at_campaign=rss
2026-07-21T08:14:26+00:00,breaking-news,Google News (wrapper),Tharoor questions low fellowship rate for UGC NET qualifiers; Centre sidesteps query - The Indian Express,https://news.google.com/rss/articles/CBMiqgJBVV95cUxQa05iUjRieXV2aGRVUWF2RTQ4M2psaHlGVUR1ZGxZSHAtM2VBVjJiS1hKTUVZd016OEpScGgwUXEtRnc0ZURvODNzRXZackFQYjNjdWdrWUJRQm1jeFlSTkpKZmlKaDMxSTVWNG9EQTJLaGZvNXp2Q3R3STE0UEhNTENIa0xRazFjLXprTExBSEp5WG1Qb0UtZ19ybktvUC10MWl1WWlqcDJORUJLNjNqekZjS0NmUWtQdTMxeDA5dWxjU0xTc1JTLTRkLU9hZHZIUGd6ZlpVLWxreUZPLU9LSHpfSFFmZVlqY2prR0xnc2szaXQ2dXpxRDU2T0trY3VsTGVoVk1MS0dZc3Vtd0VJQUgxclF5ZmdNZVgwTXBMUTFqRlh4UlBLc1JB0gGwAkFVX3lxTE5GRWliTEdiRVNEODl1eGdrTGlaY0QyVXVtUXZ6WEcyY3RTSy03cUZnMWpnNFNCSTRmOTVyRi1PeWxsRC1pal9vUEZLUWt0ZWc3Ujk2ZTJUM2k4UmRxektHVlJRSEtXVmRGbXNadFVxY0s1Q3RZLS1ubnJFdWg1UTR6MXp5akI5OV96SkNnS2hEdWhGaUc4dzZ4VnRicXh2a2RFMHZrSkIzQlNoOWc4eDBVTnN3N0xWQy1TXzl1STcwWnc2d3M0ZHloaFZnRGVsWHppX0d5WFNRbzNITEJVNWV6MGZlc3FUcmhqNHRSemg1Q3FJVTdtdFV0VE9DOE1rWmVGS3lYXzk5N1VtNGZjMHZxOEN3UG44UEFuOTNmdmVZejFoWHpycjViYUZGbGNTRXI?oc=5
2026-07-21T08:10:01+00:00,breaking-news,BBC News (Top Stories),Bournemouth midfielder Scott rejects new contract,https://www.bbc.co.uk/sport/football/articles/c0rdn1p2z45o?at_medium=RSS&at_campaign=rss
2026-07-21T07:57:43+00:00,breaking-news,BBC News (Top Stories),Who's in Andy Burnham's cabinet?,https://www.bbc.co.uk/news/articles/ckg4we9g58do?at_medium=RSS&at_campaign=rss
2026-07-21T05:13:10+00:00,breaking-news,BBC News (Top Stories),Owners of viral TikTok blue lagoon warn people to stay away,https://www.bbc.co.uk/news/articles/c78yyjdkx39o?at_medium=RSS&at_campaign=rss
2026-07-21T03:21:06+00:00,breaking-news,Google News (wrapper),Northern Christians query N1.9bn church share in N8bn religious budget - Punch Newspapers,https://news.google.com/rss/articles/CBMilgFBVV95cUxQd3MzVVRhWFdzTF9TV21ndVgyVUdqMXFZUVE0Smp0R0VicFpiUGY1d1NfMXB6VWIzNWVOLVNEQl9uTlJtTGtubWpTWEl3SUJkRml3YnREbDZzbGFvNXRrYzhoRDhMclVqYXhLX3VnQjB6VmpKMUktN2NsRmFXbF9Db1ZHcU9SZWlhZm9lWFktYnAydFVRWGc?oc=5
2026-07-21T00:16:08+00:00,breaking-news,BBC News (Top Stories),"Your tips on getting a fussy child to eat, and six recipes they might love",https://www.bbc.co.uk/news/articles/c5yrjgj984qo?at_medium=RSS&at_campaign=rss
2026-07-21T00:08:23+00:00,breaking-news,ABC News (Top Stories),Troy Jackson emerges as potential frontrunner to replace Platner in Maine Senate race,https://abcnews.com/Politics/troy-jackson-emerges-potential-frontrunner-replace-graham-platner/story?id=134912297
2026-07-21T00:07:35+00:00,breaking-news,ABC News (Top Stories),"Darline Graham, Lindsey Graham's sister, says she will run for full Senate term",https://abcnews.com/Politics/darline-graham-lindsey-grahams-sister-run-full-senate/story?id=134926606
2026-07-21T00:01:32+00:00,breaking-news,BBC News (Top Stories),Bumblebees are struggling in UK heatwaves - but you can help them,https://www.bbc.co.uk/news/articles/c141lymnl2yo?at_medium=RSS&at_campaign=rss
2026-07-20T23:25:44+00:00,breaking-news,BBC News (Top Stories),Will the Tate brothers be extradited from the US to the UK?,https://www.bbc.co.uk/news/articles/cjej0j0lzkno?at_medium=RSS&at_campaign=rss
2026-07-20T23:06:04+00:00,breaking-news,BBC News (Top Stories),"'I made £100,000 of TikTok sales in one day': The business of live shopping",https://www.bbc.co.uk/news/articles/cm2j22w8k0po?at_medium=RSS&at_campaign=rss
2026-07-20T22:58:00+00:00,breaking-news,BBC News (Top Stories),Newscast,https://www.bbc.co.uk/sounds/play/p0nzs7bm?at_medium=RSS&at_campaign=rss
2026-07-20T22:00:41+00:00,breaking-news,BBC News (Top Stories),The 20-somethings betting big on tech stocks,https://www.bbc.co.uk/news/articles/c20yz9v1llro?at_medium=RSS&at_campaign=rss
2026-07-20T20:09:19+00:00,breaking-news,ABC News (Top Stories),WATCH: Dog honored after protecting boy from bear attack,https://abcnews.com/video/134919408/
2026-07-20T20:07:15+00:00,breaking-news,BBC News (Top Stories),Misleading posts about Trump at World Cup final viewed by millions,https://www.bbc.co.uk/news/videos/cn5n4rxyz3wo?at_medium=RSS&at_campaign=rss
2026-07-20T19:44:40+00:00,breaking-news,ABC News (Top Stories),Democratic senators want answers about Hegseth's military testosterone plan,https://abcnews.com/Politics/democratic-senators-answers-hegseths-military-testosterone-plan/story?id=134921682
2026-07-20T18:22:51+00:00,breaking-news,ABC News (Top Stories),"New Air Force One jet to be 'maxed out,' Trump says, after security concerns raised",https://abcnews.com/Politics/new-air-force-jet-maxed-trump-after-security/story?id=134909028
2026-07-20T16:57:54+00:00,breaking-news,ABC News (Top Stories),WATCH: American tourists’ dream vacation takes terrifying turn,https://abcnews.com/video/134911728/
2026-07-20T14:57:40+00:00,breaking-news,ABC News (Top Stories),WATCH: Officer speaks out after dramatic burning car rescue,https://abcnews.com/video/134911837/
2026-07-20T14:45:23+00:00,breaking-news,ABC News (Top Stories),WATCH: Search for suspects as police investigate burglary at Saquon Barkley's house,https://abcnews.com/video/134911365/
2026-07-20T14:44:44+00:00,breaking-news,ABC News (Top Stories),WATCH: How star-studded World Cup halftime show came together,https://abcnews.com/video/134911670/
2026-07-20T14:00:00+00:00,breaking-news,BBC News (Top Stories),Who is the new PM?,https://www.bbc.co.uk/iplayer/episode/m002zlct?at_medium=RSS&at_campaign=rss
2026-07-20T12:50:28+00:00,breaking-news,ABC News (Top Stories),Vice President JD Vance and second lady Usha Vance welcome 4th child,https://abcnews.com/Politics/vice-president-jd-vance-lady-usha-vance-4th/story?id=134901840
2026-07-19T22:20:23+00:00,breaking-news,Google News (wrapper),"Feyn AI Releases SQRL, a Text-to-SQL Model Family That Inspects the Database Before Writing a Query - MarkTechPost",https://news.google.com/rss/articles/CBMi1gFBVV95cUxQbzJta0lnV2pwNFhMdU1USU8yeHgwd2o0RExsdTZ3Vy1tM01QQWNiZDFnSnFId05CdnkzWEp3VXR6N2NZTTF5ODNfSHRGLWtWd1BqZmRiekd2V09BMXBFTUFvZ2lNVm5VSDlpZjg1aVhBUGhpWTN1cklvWUFaT0dEUkJSS3JvdHU4Q0ttQ2NtLVZ0NWpCdVNMYmZVZFdhcVBlSDhjTk56SDYwR051ZmlnUUhXcGc0dnk0T3luUnpuS0JtcTZ5cmZ3YXhJY3JkLXJQWjFOQm1B?oc=5
2026-07-18T16:10:40+00:00,breaking-news,Google News (wrapper),"Love, actually, at 52: ‘I often query whether I’d be better off single’ - The Spinoff",https://news.google.com/rss/articles/CBMirgFBVV95cUxOMkNXTW5tczhSQU1GMkNaeHNJaTBJa0VJZmIxMGNUVlVIX0lqOHNCbmZkSXhEWV9ic2F3dVpuVmRiTjRNcXh3R0F3dmRjSmFUVm9qTThfM2tjdm4tMFNuNEZRUlJIaFpZZ2c3VnF5S1dGNkVhU1dITGJDeG1uM0dkdFBDRjduVWRzLW1PbjNGTXRKSnNoX3FkMHVKWTR2MmZjX0V0blM3NEJvMVF4UlE?oc=5
2026-07-18T01:02:21+00:00,breaking-news,ABC News (Top Stories),Mullin threatens to withhold aid if states don’t comply with DHS election directives,https://abcnews.com/Politics/mullin-threatens-withhold-aid-states-dont-comply-dhs/story?id=134854708
2026-07-18T00:50:26+00:00,breaking-news,ABC News (Top Stories),Key takeaways from Trump's elections speech,https://abcnews.com/Politics/key-takeaways-trumps-elections-speech/story?id=134835191
2026-07-17T20:25:11+00:00,breaking-news,ABC News (Top Stories),"Democrats dominate fundraising in key Senate races, but GOP still has ample resources",https://abcnews.com/Politics/democrats-dominate-fundraising-key-senate-races-republicans-ample/story?id=134829415
2026-07-17T15:13:08+00:00,breaking-news,ABC News (Top Stories),"Epstein survivor says acting AG Blanche was 'abrasive, condescending' during meeting",https://abcnews.com/Politics/blanche-meet-epstein-victims-earn-confirmation-vote-sen/story?id=134823103
2026-07-17T02:21:25+00:00,breaking-news,ABC News (Top Stories),LIVE: ABC News Live,https://abcnews.com/video/41463246/
2026-07-15T07:00:00+00:00,breaking-news,Google News (wrapper),Build a Laravel Scout Search Endpoint With the HTTP QUERY Method - Laravel News,https://news.google.com/rss/articles/CBMikwFBVV95cUxOMTFiZ1dPT3BoaUJ6TUdRaXd5X3dLeGFrOWs0aS1teXhXZWZVNEhJbGRmS0lsZ0VlVWVVeXRoc01SUF8xcnZrT2w0UWIyQmphcUlZWk1jWTRIWXlaaEdndHpwXzQyN21hOGFlUkc0WTgyb3Zzd2poYU02LVNMMEJVU0ctQnM4ZWVPbDU5U05NdV9xQ3c?oc=5
2026-07-14T18:48:53+00:00,breaking-news,Google News (wrapper),IETF publishes QUERY method to allow safe and idempotent HTTP requests - InfoWorld,https://news.google.com/rss/articles/CBMiuAFBVV95cUxOalc0Y3h3bXpPaC03ZVdnMmVUSjNveUI1X3dwdkZWd2NXOHBnTVVoQkFZaEJPQ3k5N25IdWxGZ0FZU0VhMGRFLUR5RF82RkpRRlM4VW5TelZPZW5mNnZPRFY1aW1jQkxTSm1Ld0U2eThtMkJ1c0c2WF96bTFtdkJPM1ZCcG90QUJlOE1IRjNFVFFLYTFyaEkwblg2dDl6cGx6eE9PU25PMlpTcmo4YnB3cmxWVy1xbkpl?oc=5
2026-07-13T11:15:00+00:00,breaking-news,Google News (wrapper),HTTP gets a QUERY method so complex searches can stop pretending to be POST - The Register,https://news.google.com/rss/articles/CBMiyAFBVV95cUxOSUlOdzNkMkUzNTNjZC1Cb1RxMzcyandwYTM0Nk5rMkRqb3pKTFdORG1xSS03Y2RFemFHN1lBY1BXSTdFT0xQTzhJd3RaVmZzaWl1SjJ2MjJyVjdDTG5xanJVN0lZdlgzSDlRQm1VM3Ryci1CajJOVHhJV3E5cFdLOXhyYXlVb2RGOVRvZ3VWbWdzdjFBSkhqWlNPS2RkcHNwYnd6dUtUaHN4LVhKUGJmRmd0UkliUVZiUDZ0aDVNMmwwYkZ3UWxYeA?oc=5
2026-07-08T07:00:00+00:00,breaking-news,Google News (wrapper),HTTP Query Method Support in Laravel 13.19 - Laravel News,https://news.google.com/rss/articles/CBMiUkFVX3lxTE40ZkJodlNpX014T2FmbWFpelR3OWtUcUp1b1YxOTVkWTNYa2xSemcteGVSSDdsNkV6RFlQSGtsQTNQR0d2ZVhmZXN1TzJ6RXozb1E?oc=5
2026-07-01T07:00:00+00:00,breaking-news,Google News (wrapper),Granular Usage Attribution for dbt Pipelines with Query Tags - Databricks,https://news.google.com/rss/articles/CBMiiwFBVV95cUxNa2lXbTJzSW03SVpmOG5VbW1KUlFXc2VMbmtYalA1YlVfRUh2bEhGZ3VOZmFGTFMyU2hEeklTT3J6UzRmQy1kSW1CaS1Jc0Z4SksxYTI3NGRJQTJ4azBYX3R0bC1YdmJoczQyVHNFM0ZfaFE0R28wQnRIakNLeDJGS2dFYnpUdkJMVkFz?oc=5
2026-06-30T07:00:00+00:00,breaking-news,Google News (wrapper),Designing GPU-Accelerated Query Engines with NVIDIA GQE | NVIDIA Technical Blog - NVIDIA Developer,https://news.google.com/rss/articles/CBMilAFBVV95cUxPOVozSWNTY01Kd3VqaHpmMk1WOEZfUjdCeXRXYUt1TFpwejVKVEh0bDNYVTZSYnRoOEVhRlFxSkIyaHVqamEzMFpfcFM5YlNxdFZjQ0FSWE5XbEF2dzZOVXVVN0xFMjA5UDN6Vzl0Z21rbU1VLVM4YWFhQk9YbEIwODluWkxoSWhPc25HTDRlbm5ISzAy?oc=5
2026-06-28T07:00:00+00:00,breaking-news,Google News (wrapper),Cougar Query: Anton Bowden - BYU News,https://news.google.com/rss/articles/CBMiZ0FVX3lxTFBtQTExYlI1S2dPSlBMVVozNXU3enh4b25pYmdoenFuYll0aVQ1cGtnY3lXTjc5SHBhU1N2ZFpBbEFUUTlUYkwtUUIwNnhZSFhVZmpNeDExallMc1dmZFpQZ0xOUGNNQjQ?oc=5
2026-06-28T07:00:00+00:00,breaking-news,Google News (wrapper),Excel Power Query isn't just for experts or big data—it's an everyday tool you should be using - How-To Geek,https://news.google.com/rss/articles/CBMid0FVX3lxTFBPOTJKcHlyRl9mdk4yWlRsNXZ3b0ZpZ2x3YU5OdkxPUG9sM1NQc2kxN25QbEl0ZHI3dGdPaTRqR256bGlkYlZmM2hpMFoxUHVxUkZPRnBUc3o1UFJia3JkS25JN3gxRGQ4NXVtUWhlbkQ1RnE4bUZN?oc=5
2026-06-26T07:00:00+00:00,breaking-news,Google News (wrapper),AI agent memory: MRAgent cuts token use up to 27x - VentureBeat,https://news.google.com/rss/articles/CBMivgFBVV95cUxNcEFON1VseEJtRUE1c0EwRVJrZWV1OGtOUm9YeFJlb01oSFk2X2pPV3VxWG5DRW83dzI0SC1ibDgwOWE5eVJUWV9ZNVcwMlhBdTFIUXBqclZsQ19EN2dXaVI4Q04wOFBsRnNINUdYWkZYYnZ2Sk10S0h4Um9wY2Z2Yk9WT2pjTko0WWZBOEVWZ0prUUJCM2JWMzRBeFVJYVFnbzlRQ00wMkliRzVRbW9xRndYaXFqWFZJYTd5V0NB?oc=5
2026-06-24T15:01:30+00:00,breaking-news,Google News (wrapper),"A workbench for teams to query, explore, and visualize graph data - Neo4j",https://news.google.com/rss/articles/CBMiZ0FVX3lxTE14VzZTRUEtb0hBMkMyM0FNZHk3ZGloS1dBamttWmNPcjBtSkNVVFlZcml4c3N6elF4LS1CUy1JVUlqRHZZdlpKTDFYci1CcDdlZHVsam5CdFV6dmEwMkM0ZGIyYzlTY3c?oc=5
2026-06-23T07:00:00+00:00,breaking-news,Google News (wrapper),13 effective ways to use Snowflake query tags (2026) - Flexera,https://news.google.com/rss/articles/CBMifEFVX3lxTE1BZ2E1V0VRWjBYYXQwR3RadXVoR3pkdThMTkdacW1nNGRzVThVaGJPbUVWVlNiZG53cDZqUk9lUExyaXg4YlpDcjBybjNUZWJUMWZlRkpYZXI3T2ttbnlzVkYzTFRLdzJqYUExNU1vbG9FdTJWeUNPN2hLTTI?oc=5
2026-06-19T07:00:00+00:00,breaking-news,Google News (wrapper),EBS Natural Language Query (NLQ) Solution Update (May 2026) - Oracle Blogs,https://news.google.com/rss/articles/CBMikgFBVV95cUxOTlNkME5tMHFTRHZ6My1ETUpqNlZ4cElpNEpQenpMakpLYm1yMktZWGJuQlB5RkRYUjF0d05UQlhrNUIxNGtsOGl2clBkcTh0TW9jbkluTkFJNExyeTR2RzBpRHlzdkFtWl9zUFVvY1FodVdRNndCNHA1WmhnVWVUa2hxYVB2TzJIRFRnUjBlQmViQQ?oc=5
2026-06-18T07:00:00+00:00,breaking-news,Google News (wrapper),Mount Databricks Unity Catalog Once and Query Many Tables from Oracle Autonomous AI Database - Oracle Blogs,https://news.google.com/rss/articles/CBMihAFBVV95cUxOZWZ5VzBaZFlKSXl2TVZHSHE3a2JVNG91eElEMG5pekhOb3BpSVBPbE54Z25oMm53OFZ3XzVWN0UxUGJOa0NEVXhnM2JpdFpUdWdVS1k2THI4a25zMmRCU2R4M1VLeUowVkRudnBOMDM5NXl4TGw4bUpHbG9Oc0JGY1owRDA?oc=5
2026-06-16T07:00:00+00:00,breaking-news,Google News (wrapper),Improve query performance with EXPLAIN plans in Amazon Aurora DSQL - Amazon Web Services (AWS),https://news.google.com/rss/articles/CBMiqAFBVV95cUxPNnBWcVhQYVBuSnJQRHhoZnh6UlUtUzVwM1dkZWZDbmhUb1Y4ak5VMDRVTEJBY0plZS1JLVVVMGJUUlRoVVVzSG42LTN4X2s1aWVyTTN0Qm9sakFNYm5yNU5sNmtCYmRYVGdjdFpDa0xpNnVBX29KMGRtU29wOGFTY045N2JIOWpSdHVhY1dFN0Z3LTliVTdYZG5KTlhuWkJPX18yNUdXQkU?oc=5
2026-06-16T07:00:00+00:00,breaking-news,Google News (wrapper),Accelerate search queries with full-text search indexes on Databricks - Databricks,https://news.google.com/rss/articles/CBMimAFBVV95cUxQM0w0RXRxSTdUSElyQ19FYkJhdzRpbWhSVUNKbTd0Si11T2lUSFNNOVlWOUc5akc2ektCdnlfU0RJSmVXNHcxRnllTkFwamZfRWFrR2ZGcnZRTVVSTUhFUThPU1JCdFZFSTlvZFotLVJSTWNQNnpKQzVydUF0Z0EyVXhvVFM2UllocWRtTkRHVkpObmtNWFBKYg?oc=5
2026-06-16T07:00:00+00:00,breaking-news,Google News (wrapper),Query Databricks Native Iceberg Tables from Oracle Autonomous AI Database - Oracle Blogs,https://news.google.com/rss/articles/CBMivgFBVV95cUxPaFZUSTEwMzBJZWJUX3E0YTlYam96ekpJdGg1a0tjbFJCTy1TU25Zb2I5S2NXeXJMOXJZWllhZlRRWlRiN0Jnb3UyeVh6QkJselg0Z3ZuQUdPN1pSd3NLc1dULU11UTAyZjJxenJKMXFXcWFQRGpCd3RwcWI2RXIzS3NENFVhRjRNLTBrU3NkT0EtU1ItcUxhNmVteXdnZERTd3NRdHNpVVVidDVRM1pYWlBIU25fb3dMdklGMFN3?oc=5
2026-06-11T07:00:00+00:00,breaking-news,Google News (wrapper),Query Databricks Delta tables from Oracle Autonomous Database using UniForm - Oracle Blogs,https://news.google.com/rss/articles/CBMilgFBVV95cUxPVUxYR3FpTFFmcm1FOFBiUmhoTWNYWTBNbndlRVFucjE3Nk1lY3JwNG51eUVwQmNtaEpMSjUzVk5abzBDYWNLYlBEM25Qdklpai03aUR3NHpZdXVIbHdNdXZoVWh1dm4xcHNnZzFIRmttaWJVbU1CQ3oxNXZRaDVZcUk2eklYTmg3cW9wRnBGbnNtRV9XVmc?oc=5
2026-06-11T07:00:00+00:00,breaking-news,Google News (wrapper),"93.5/107.5 The Fan Shifts Query & Company, Adds The Rich Eisen Show Beginning Monday - Barrett Media",https://news.google.com/rss/articles/CBMieEFVX3lxTFBJbzZPcGdIOFZoYkd1SmxiV3RUcW1NdXFzN2JMMnJNZHZrZDFYZXE0MHV1WlppUGdseGdWQVpDZElaMmNUMXdKdWE2WnJWMktBSUludk5PSENnRTM4M1hKOEZsZk0zdmNwTUR0NE1RSV9sZjF5VGd5dg?oc=5
2026-06-09T07:00:00+00:00,breaking-news,Google News (wrapper),Efficient Snowflake Ingestion: Query-Ready Data at Scale - Snowflake,https://news.google.com/rss/articles/CBMikgFBVV95cUxPMEVlcy1jUlZpQkZ6Q2FacXBqTmdrN2FiUUhzMW5rVlRJVHhNWTROMy1sRzRlWWl2ZFFDOXc4OXAtQTFuQWNRQmQ0cUgyVmhiN1ltYVc2czNFcUVNRk5GRVBLQU5xdHlSSGZ2YkdFLVBxNnUwaDNSay1MRXFYTUxVcDR4dzVtRnBSc1Y5S3hfLTdJdw?oc=5
2026-06-09T07:00:00+00:00,breaking-news,Google News (wrapper),Treating AI agents like service accounts for federated query security - Help Net Security,https://news.google.com/rss/articles/CBMimAFBVV95cUxNa3EzX0tveW1JRlVNOWJWVzc0NVlhTG96LTR3d1o4WEcyaWI5ZDRBVWVVSlBCblZMbWw4NjB0WnFBTHd5Um9yaWNyN0tPc2RUOHp1a3ltZXNhRUpTNTlOYUdSUWRwbVNXY3l2S1hrWUM4ZUdXQVdHMjNCRTItWHVrQUhlUmZzY3hQNGF1a1ZLSU02c1k2RGVGWQ?oc=5
2026-06-04T07:00:00+00:00,breaking-news,Google News (wrapper),Query Amazon Redshift using natural language with Kiro - Amazon Web Services (AWS),https://news.google.com/rss/articles/CBMimAFBVV95cUxNbnZCb1Q5cEpONTZnbmprNUZ1cUpFRkJscFB1ZThnb2ZGTG1NYkltV016ZHg5NnBPWlpBSkpQYjk5QU5LMzc1TWtNcHNsdVZuLXprLVU3VTdqa1djek90YTIzX0F1MDBVYUlqNF90cVJaUHM4bzIyWjhDc2RXeDVqbzJxMkNrMWpkYmozTXp4d2NZUjVuUy1hTA?oc=5
2026-06-02T07:00:00+00:00,breaking-news,Google News (wrapper),Query Tags: The Context Your Warehouse Queries Have Been Missing - Databricks,https://news.google.com/rss/articles/CBMilgFBVV95cUxQdTd0VXprd0N2dUR5THB3MDlMX2FEai1QVnZTZnJjS1VkYnlaNHVPV2p2RUJIUzVSeE9TdzE5Rk5YNjlvS3Zacm5penpVWHBXWFp4MGJrM2JOYkF3V1dtdkhlVVJPbmFvQjFqT1FaZ2R1aWNmcmZyQy05T25Gd290N0ZyRjgyajYyWXktT25tU2ZndFNrRXc?oc=5
2026-06-01T13:27:11+00:00,breaking-news,Google News (wrapper),"Caden Jacob Query Obituary (2026) - Concord, NC - Harrisburg Funeral & Cremation - Legacy | Obituary Search",https://news.google.com/rss/articles/CBMif0FVX3lxTE9IMk1kQ0tUSU8yTm80NEJ3UFhuT2lzVllFS2dGX0ZWdnNBRTluaG9BbWRwUk1yZk5YRWZQNVduZmdZbnAteElNc2N5b1dhUWlieElmd1hTNmU1WWZ5WXdQRDZZSEduSTZJRmpSRkJoNlFVNFJ3cTBocDJVNkdiTkU?oc=5
2026-06-01T07:00:00+00:00,breaking-news,Google News (wrapper),A Hybrid Role for the Court in U.S. Person Queries - Lawfare,https://news.google.com/rss/articles/CBMikAFBVV95cUxOMExIeW1NaHpDeTZuU214Z3JueFdib2Iyc3hUb1hsMHlnRFVVSWhFRGZ2Z0J5M3RBUVFFQTJjRWZVRU1hUVl4LUd3MXhKUXo4YlBTS1RvVHBVcUpYU0dmSTF2alZQdTQwTy1oOXh2NWFZaDE3cURpMDFUTkdleEtpdzVuT01HRTJ0dENaOEl0eDY?oc=5
2026-06-01T07:00:00+00:00,breaking-news,Google News (wrapper),The query became a brief - Hospitality Net,https://news.google.com/rss/articles/CBMie0FVX3lxTFBQcDRHbXFnaVlweDFwLUxIQzItQWdzZVNZSTV3bzRfY0xEMWtsVUxNaWVReVpGQW40bF9JZENPSXBxVW55X01JMnowbG5iSlRPTFh0YVNGeTNKOEZFRTZBTUZfVEVzVlNZSHZVX0xHMVZJN2JhSGtjYmh5Yw?oc=5
2026-05-31T07:00:00+00:00,breaking-news,Google News (wrapper),Cougar Query: Elysa Dishman - BYU News,https://news.google.com/rss/articles/CBMiaEFVX3lxTE8tUDJEemh4amxiQUxJS0U0dFN4emcyZ19hSklVTUdfeDFKNkw3X3hGeUZ1Q1o0Y3hBMmZoTHYza2xBRDlCSWVDLVpibWtHR2lIWGJMWDFhVmRmdzJkWW1YbnRIZHQ1c0U4?oc=5
2026-05-28T07:00:00+00:00,breaking-news,Google News (wrapper),How query logs fix AI agent SQL errors - VentureBeat,https://news.google.com/rss/articles/CBMipgFBVV95cUxOVUdmMXNwTElNT3RYQzRBQWNVMGZaRHp4dzl2QWs0RlN4OGF5M0sxZDNRZkRPOTlGTmd2d0tNdDN0OEJ3aXFTdV91cDZIX25CVnFwQUZyNVdsM1U4a29nRGl5TFBlaU0tcjVOZE9wWlJqVE5iM2NyOUwzaTRGMXJEcFo2TDVKU09NdVItQ1VHRmFXRFZkVzVBZVJtM29DZGF5bE43YVJB?oc=5
2026-05-28T07:00:00+00:00,breaking-news,Google News (wrapper),Generalized Skew Handling in Query Optimization - Snowflake,https://news.google.com/rss/articles/CBMifEFVX3lxTE1vY2dOTktUb3p5aW9rTzRQWURPcUZXUC1kTDcwTGRRbEdzazFIY25ON3czZXBRMmxIVUt0OENMX0VlVjlIT1Jud1BRN1pmNFRIZS05bzVkVVplT3lidWx1dDJMbjFlY2RBMURmbDd1dXR4aVY2cDNGU0dfejM?oc=5
2026-05-28T07:00:00+00:00,breaking-news,Google News (wrapper),Optimize Enterprise LLM Queries via Snowflake AI Functions - Snowflake,https://news.google.com/rss/articles/CBMihAFBVV95cUxQQkpMRzJpTHpBWnV1dHFPV1dGZlZuaEFHdFVQN2dBaWJrVmYzb3hYNWh2M2JCZzU5Vmxndko0R1ltek9pb2dhRmZHb1BzSXZBZi1CVFlteEN1RVBMSUJ4X3FvZVU5djVKUXFLai1EUE5pNExveUk2SjNCakt0OFlvYVZ3eUc?oc=5
2026-05-21T07:00:00+00:00,breaking-news,Google News (wrapper),Planet is Building an Agentic Geospatial AI Query - Via Satellite,https://news.google.com/rss/articles/CBMisgFBVV95cUxPemowR3MxNjFUQVlCM1Y4bEh4N1RNVERqRnB4eWtWMjFMOUVYVjNqT2dVc21qZklhNTJUc0ZXU29KalFvX2ZlUE4yZVhqd2NnUDY2Rm9zWGFYdjY5UnEwVkxTZ01wSHAydW9TeFQ5UC1rREJGWEx4bzl0Skk0TVpGcTZ2SC1HeGMzSHBRTmdhYWd0RkdZSnozRWgxREdyZmFXWUltMjVEZzVhUEp0dTVyaVVn?oc=5
2026-05-19T07:00:00+00:00,breaking-news,Google News (wrapper),Automated JDBC query caching with the AWS Advanced JDBC Wrapper - Amazon Web Services (AWS),https://news.google.com/rss/articles/CBMipAFBVV95cUxQME1HbFJPZVZ5TC0tSFhTX3drM2FtTWlOZzl5Y3RkNWs4dmNncGVvNTA1M29mNnFOcFVIUVZndGlPZks1S0g3aGR0NG1UQ2FNVkJxLXphcnY3R0hvWjR3MDlvZlRGVUwtQWNXUzV1XzdPT2ZibzZReFhKRklYcV94SXVPSFVjVjRtMC14VkpUa0R6YXlPT1FZbnhZRmxybUtWckwtOQ?oc=5
2026-05-18T07:00:00+00:00,breaking-news,Google News (wrapper),"Steven Carlton Query Obituary (1955 - 2026) - Ladson, SC - The Journal Scene - Post and Courier",https://news.google.com/rss/articles/CBMinwFBVV95cUxNOHdhQ0dqSVlKUEhkMXk0aWxLM3loUE1RbldLV0J3dUNBX3FJNW4xTVZ6X1BqZUxEYVczVXBja1RObkg4Z0xUYkdJUFFlbmhtRE5kdVFTekcwVW1rVGJlWE42OEZNSWM3LV9EUmxjdlptSlZOaGNuR2xJZjdMS2xfUG1RdkpDZHZpVU1lTWVEUnFIbXl2LTdFYjJBb3g3eEU?oc=5
2026-05-17T07:00:00+00:00,breaking-news,Google News (wrapper),"Steven Carlton Query Obituary (2026) - Ladson, SC - Simplicity: Lowcountry Cremation and Burial Services - Ladson - Legacy | Obituary Search",https://news.google.com/rss/articles/CBMigAFBVV95cUxPRjZtYmJMUVJXUjVYSXdiT2EwTWlSX0ZjYjdvODdoVjVNX2FyNmlMUTRkTmhUOUZmZklTN1E1eURTSENfekdvdTZyVDdpY254Xy1PRUhSNnV4eDJhSEtKcHFIcTBzMnNuMDhldUV3WVJ3Nmh4ZXVaUS1GYS1RUDRBZQ?oc=5
2026-05-14T07:00:00+00:00,breaking-news,Google News (wrapper),Our billing pipeline was suddenly slow. The culprit was a hidden bottleneck in ClickHouse - The Cloudflare Blog,https://news.google.com/rss/articles/CBMibkFVX3lxTE9kNkZjZHpTaE83b0FlaTVNdi1nTF9QSUp2VlpCSmdzU2FjdnltQk5jUHRfUGN0azliWnZCOFZPT3M2U0E0X0xuODRiblE2bXFCYnZneDdSRUpZMHJad3pxZHJKbzB1Nm1FZFpwVlVn?oc=5
2026-05-14T07:00:00+00:00,breaking-news,Google News (wrapper),This or That: 500 Edition – With Jake Query - 93.5 / 107.5 The Fan,https://news.google.com/rss/articles/CBMie0FVX3lxTE5ZT18zbDBlRFhyUGZ3dDU3bTZVdGtRZXo5WUhfMG1ka0tnSngxbUZLS0hrVldwZ2JLaS1pc0JXcUJPUFU3OXRSS2tyc2RrUFF5NXIyWnpwNE9oUTdxSmg2MVUtOWhkMjVlU3ZLMDlPUTA2OWZ5aVZOZ0FuRQ?oc=5
2026-05-13T07:00:00+00:00,breaking-news,Google News (wrapper),Humboldt Capture Query Tool - USGS (.gov),https://news.google.com/rss/articles/CBMibkFVX3lxTE5qazVPQ2hZTm15MVg4M3RQUEpYQW5hWnNreWNJeW9qRjBfbUtVYU8zdHoyUnVESTJIa0hZbXVka0ZzdDlnUENZR3NCNGF1Y0RrY2JzcUNfMTFMSlBGaXk5UGRIQWUtRWNoYVRLTWd3?oc=5
2026-05-12T07:00:00+00:00,breaking-news,Google News (wrapper),Faster Queries and New Capabilities with the Open-Source Databricks JDBC Driver - Databricks,https://news.google.com/rss/articles/CBMipAFBVV95cUxONURMUU91dnF5V2tNcm8xZzZBQmF2UXp0aU0tY2hoYzJSVUY3R0JCNkFpNG4wdF9haFNpRWlneVlGNWlpX3ptMGlJV051eFFURGl5VkFoZWx3QXhhRjNoNWZ1OW96MkVWejkyWW5NbWowUS1jMXhPZ2FtOWxYWTJCY0NNSHlJeHFEV2E4M3FDNUpnTXhqbGNFQXZETkFOZExURlJLVg?oc=5
2026-05-11T07:00:00+00:00,breaking-news,Google News (wrapper),Netflix Serves 84% of Query Results from Cache with Interval-Aware Caching in Apache Druid - infoq.com,https://news.google.com/rss/articles/CBMickFVX3lxTE5IZUR1Qmg0YlVWUUFPRTlGRFlSUV84cG1KU1MzR0tjOUVkcGw0clZRNXdMSW5Jb3hsNFZnbkthYkF6SmlKNVFzc3V0VFNaLWtGWnpTNUF0dDlrZHFHSjlXUzlad1VuV01WbEpBRVVKMEF4dw?oc=5
2026-05-11T07:00:00+00:00,breaking-news,Google News (wrapper),Senators query credit bureaus on BNPL - Payments Dive,https://news.google.com/rss/articles/CBMihgFBVV95cUxNR1FMMEMzcXBaSXlfTE1VZl8tUlNNQ2txc2F6NDFudmp6OWVCSmFESnJjM3ZLb3NYalVxcllJdEJVbXRESGJUbVd4dnlzVmdBVHF6a0xJWU5zLTFoOVBSMkVYbEZoTkZMaGRGdXZRaWQxTm4zWTl0NXM2bU8xcW9kbWdoMmlNdw?oc=5
2026-05-10T07:00:00+00:00,breaking-news,Google News (wrapper),Cougar Query: Arlene Sewell - BYU News,https://news.google.com/rss/articles/CBMiaEFVX3lxTE54RXdxS183aUtLLUgzUF9RY21VMDNKZzlINmFPLURoVnNpM2J5cGF0dUM2Q3RZT0RVc1FhSTZMMFdPNG9KQ0RaYW9NZ1JVWGxBV25BS2psRDNBWXp6Z3pPYkUwUzlnRmRB?oc=5
2026-05-08T07:00:00+00:00,breaking-news,Google News (wrapper),Query billion-scale vectors with SQL: Integrating Amazon S3 Vectors and Aurora PostgreSQL - Amazon Web Services (AWS),https://news.google.com/rss/articles/CBMixgFBVV95cUxQWGNkeEZPSGNjZXhrMXU2RFFnV0ZPb09NVjdFTU1ZVjNzbFdCUjVRMGVGOXhDQUo1ZWFLT2pQaC1TcFd6SU1xdGtuTndNNWRMSTI1T1Y4STBSXzQ4X3lKeGhOVUhDWGI4d2c5R01pcm5DeWNVTjlQU0tYWGVLdG5WOW05UU5ZY2x6OWl0cmVhVmZRMG53d2puT2xKRXp3M184cGY5NmdXNUJhY29IM3h1THBQNmpmX0pYRUJyRHRKeXRxVGM5bVE?oc=5
2026-05-08T07:00:00+00:00,breaking-news,Google News (wrapper),"Turbocharge Ad Hoc Query Performance with Query Acceleration Service, Now Enabled by Default - Snowflake",https://news.google.com/rss/articles/CBMilwFBVV95cUxPa1hnSXNmbVZHNHlBVm0tRFZtU2VuTFpGcTduVzdMSHd1QWtaOEJNdGpPbjc2U0JrbkxrU1Nnemc1MjU2TFhYUGM4VXJpUHlyZk1KTkdLU2R5UlNMZFRHRHREMldDVDFzVW1MeHdUZ0ZaUDhxNlN4a0F1dW5ZVDNodERrNXhaOG94RUpnaXRyZmRmQWdFdWJz?oc=5
2026-05-05T07:00:00+00:00,breaking-news,Google News (wrapper),Snowflake Distributed Query Execution: The Execution Anchor - Snowflake,https://news.google.com/rss/articles/CBMilwFBVV95cUxNWEN5WVdrbV9xZjkycXVPSU9vWnluZkt6aGNGWDAwSl9YWmw0aThGQUIwM0ZzekdCUGhqbFpRczRrcGw4SVRaRUtlY0tZN2NEaTU1SW5TZW53cTctU2dQWXYwUlRIMlhULUYwd1NMcF9HN25UTU14Z2JzbjFoaktzd2RTRHc4Qlp3dDlRd09ZR3hqVEhTLUV3?oc=5
2026-05-04T07:00:00+00:00,breaking-news,Google News (wrapper),Query Practice Brief Update: Clinical Indicators and Clinical Validation – ICD10monitor - MedLearn Publishing,https://news.google.com/rss/articles/CBMiqgFBVV95cUxOT01oZlRadHlJUENvRXliUk1sUWlFVk9uSEZxVHZuWUhMMWY5dk82djRTS01fLXVMWHQ0NndOY2VCYkhIaWl6OThhcXpaTDNtYk1lVEJZWjJuMFBNWnlyUTlXS1B4NU5LdGlKcFU3VUdBdGZ1WnluQS12QVR1bWFsWUpoOEt4a1FCU0tuM01YWDZCbDVTTlFtQ3owVl9CQzl6aXo0b1BlLUlxZw?oc=5
2026-05-03T07:00:00+00:00,breaking-news,Google News (wrapper),Cougar Query: Brian Radford - BYU News,https://news.google.com/rss/articles/CBMiaEFVX3lxTE9oNHlIcUN2Sjh2a3FwMi04SVVaa3NoV0tmSEJWcmJMQmNRN25ieW02SDByWFpmOHlIOVZIdGp5NHRFLXR2b1NSSzR3WGV0Wk1qVlZrRWtISVNkMWJEb2YyVWJRYThDbFN4?oc=5
2026-04-30T13:32:49+00:00,breaking-news,Google News (wrapper),"Glovia Yvonne Query Obituary Apr 23, 2026 - Indiana Funeral Care",https://news.google.com/rss/articles/CBMiakFVX3lxTFA1a2hranJIZUhPSGlyY1JPTm1mcW5QazU1VEgzSTl2VkRsTUdjY29YSzNDWlBVMTlfVDlQczh0RWlkd0ppVUlINTlOVkFBeFJ1dW1hNmZlTDUzSnZvTGwxZklEb25mYXFqdmc?oc=5
2026-04-29T07:00:00+00:00,breaking-news,Google News (wrapper),Exporting Falcon Next-Gen SIEM Query Results to CSV with Falcon Foundry - CrowdStrike,https://news.google.com/rss/articles/CBMiuAFBVV95cUxNN3ViR3h0NXlzRkQtZVNidS15OG9SYW5BZ1BCUkNzSm5WdzBmdm1ReTNOU1VLZDJxTlAxTjBXVHdHOVVlaE1wNHZITDE4UW9DWTBMSGJhbDAwWXo4cFBEN2NhdDBrVnIyTjc5TlBUWVZyWTdRSXZvMDFfelVnRWIyYUIzZ3VrdERtNG0zM0NMd0NLZ2ZNaXRmYnNDZW92ejh3UzM3UHlrZ3FJUVFVODA0SnhsTGNGS1pU?oc=5
2026-04-29T06:37:01+00:00,breaking-news,Google News (wrapper),"Permit Query - Deschutes County, OR (.gov)",https://news.google.com/rss/articles/CBMiXEFVX3lxTE5zRDFxOC1DMW1xbjZmUXEyeE9fNVREOU0zdFc5MjhoYUNjZjJZMnFDUWp4MGQwbVBxWGU4ejhXdElUY0N1Z3M2Q1Fqdmp6SWlIbDlhMTFaWElhSkVC?oc=5
2026-04-23T07:00:00+00:00,breaking-news,Google News (wrapper),Talk to Your Data: Introducing Essbase AI Query - Oracle Blogs,https://news.google.com/rss/articles/CBMimgFBVV95cUxPMjhMb29vR3NOV0hVcG9saW5DUGNybWw5N2puUE5DeWcwY0ZXbVFDTDQ3WFhZYnhEZDBJOHA5X0ZfZm8ySU5aNnVISFIzaU5heFJFWk9pRUxmVHljVTc3WkRnTXJmZGd1YVFqNTNBc0ZLNUU4OHF3ZlZHYVUtdDd0ZURJeHFXb1ZwZmFDd2RNS2U3dFhvVmhqeFVB?oc=5
2026-04-22T07:00:00+00:00,breaking-news,Google News (wrapper),Analyzing your data catalog: Query SageMaker Catalog metadata with SQL - Amazon Web Services (AWS),https://news.google.com/rss/articles/CBMirAFBVV95cUxOcmZDLWY3bFJhWC10WU41T2ZKaGdmdTB0S2xtYlNWaWg5LXhvMVU3U2xycVh4R3pYaWpoclhYMWt1dU9nbzBoa3hCbnBvTE9aWi1FRVJ2b2MyQWtHM2lnMXplYlA5WHFtem50MU5wV3FiVndZb3lTLUlYSHVCRUphT3l2amRmVlpaeWFQTjBCclBnRjFsWVZCV0oxQkhnUGZxRFd6a2RVdnVDbjN0?oc=5
2026-04-20T07:00:00+00:00,breaking-news,Google News (wrapper),Measuring Query Impact: Are Your CDI Processes Preventing Denials? – ICD10monitor - MedLearn Publishing,https://news.google.com/rss/articles/CBMioAFBVV95cUxNelZtWlZBck9jQWpMdEFtNmVubWZINGVZWVRBZ204ZExHOXhqdUROVy1BdVVXb05ZNXlqWklnd3l5bDBTWncxUy1YemFMMzVtNXE3MTdzV1E5V3oybUNtdnRSVkY1YUM1cWpiVHN2Z2g2QVRLaTBzQ2VxQUpKOUVjSTBwVUhhMUFfUmNvRldhZnVCVkVuSW1ObEttVnN1RjI5?oc=5
2026-04-15T07:00:00+00:00,breaking-news,Google News (wrapper),How to Use Google Sheets Query - Coursera,https://news.google.com/rss/articles/CBMiY0FVX3lxTE91RVJMcE9qLWc3SXpMOE1FVFhhejhCQ2tUUWprY296RVE1VXpmR0FybXhFU3Y4c3JlOFd3QTRSQlNxRDhtUUJhWWFoeFc2NmZJNlNLYUxVOXptV2dsa1hWYWdoYw?oc=5
2026-04-07T01:38:22+00:00,breaking-news,Google News (wrapper),SQUIRE: Interactive UI Authoring via Slot QUery Intermediate REpresentations - Apple Machine Learning Research,https://news.google.com/rss/articles/CBMiXkFVX3lxTE85M1lLQzdXR1pfLXBTMjVuNjBnWnVYblN3RTF4RkRoRTdkeXIzRFljaTEzQTdJck11ajNXbnNTTGJZYjhkai1zdlFzN3VIMmJ6MWJPNHFzRk1HYzZ1bXc?oc=5
2026-04-06T23:14:44+00:00,breaking-news,Google News (wrapper),The Truth Behind Section 702 Query Statistics - Brennan Center for Justice,https://news.google.com/rss/articles/CBMingFBVV95cUxQN2xab2lfOHlhcnlWaGludC1Vd1JrX0dyVzNzWnBEUE1JQWpMRWNJVE5vQ2FjRW53dHFWMDdnZ3hlbjVHcnVuUEVYNU40bjZWMEo0NThHVHR0MzhjbEJoYnhyOHIwUERsWlV4NVhMSmtMaHFKMHVPdkd3Tkh5ZHlwYVNEYXcyeGY0Y0NHS1hSTC1URm1VdTl6N0pyUEZGZw?oc=5
2026-04-06T07:00:00+00:00,breaking-news,Google News (wrapper),Cougar Query: Trevor Wilson - BYU News,https://news.google.com/rss/articles/CBMiaEFVX3lxTE45Q1lOX05XbkJCekQySGNGQmFYMWNScFB5Wml3NXZaczY2cEF1bW9wcUE3NHV3NFlGUkhaUTk1YVNIZm9zOFM0X2RJbVVTTC1TVjliLUxnTmR4YnB2ZUVZRmVUV2tsa0Jh?oc=5
2026-03-31T07:00:00+00:00,breaking-news,Google News (wrapper),Falcon Fusion SOAR Event Queries: When and How to Go Schemaless - CrowdStrike,https://news.google.com/rss/articles/CBMirAFBVV95cUxPM3VZYmdOUG5fMEhGY3VoTXpoMDhQX25hSzNBdXdtMmNOWUVPX2VueFE4MVFDdVZQQjRDQkRSX0Z5R1VmWE90RjJ1aDZKNTdLaGNLREtDa0FkWi1rSW1EeVQtVVAwYkFseEllT2FYekdkbWc5bGExQWxrMkN0Nm1FUkNVOXFDSzdEdFZZVHE2Ykd2TVppVXRhdnBkN1F4ZVBUeERhREpRM1MtTkty?oc=5
2026-03-31T07:00:00+00:00,breaking-news,Google News (wrapper),The Truth Behind Section 702 Query Statistics - Just Security,https://news.google.com/rss/articles/CBMihAFBVV95cUxOYnZBQW8ybC1KaXE2VnZqWjBLTXh6SGd2ZGRTN1R1SkJpaVY0dGpMX2pybmxIRUhTdVpRZnFNUEJoV2NvTGRHU1MyaGRiR2lfV01pOVhlWUV1cEZScHhGUDl6VmhjMV9zbzlzZE9DbGxkN1Z2b3U4Q2t6VDktcGJSbUJfakw?oc=5
2026-03-14T07:00:00+00:00,breaking-news,Google News (wrapper),Query-Efficient Domain Knowledge Stealing Against Large Language Models - The Association for the Advancement of Artificial Intelligence,https://news.google.com/rss/articles/CBMiZEFVX3lxTE1kRHAxcl9wV19tdHlsaUpka1FpQ2VPTVZ2ejZDbmwxLXVmS29vcmNfXzlzUFV5YnFKcTBaRWxfdGZ4Ry1qeGFMQ1hfcjh1Tk9nUGdHbV9DMzRkSUVFd0JhZGQzUXY?oc=5
2026-03-14T07:00:00+00:00,breaking-news,Google News (wrapper),Faithful in Steps: Improving Generalization and Citation in RAG via Query Decomposition - The Association for the Advancement of Artificial Intelligence,https://news.google.com/rss/articles/CBMiZEFVX3lxTFBsUnVrMFJJYzd2UG9SMW44cnVLMlI4YjFsa1hVZUM1N2JmZlFiNXJ3QnN0NU5JbHNqaVVwaHV0VjkwVVg4NmZDbGdaT3BEYk5KZTFZSGpaRGdzUDRlQzAybUJCeTk?oc=5
2026-03-14T07:00:00+00:00,breaking-news,Google News (wrapper),Think Then Rewrite: Reasoning Enhanced Query Rewriting for Domain Specific Retrieval - The Association for the Advancement of Artificial Intelligence,https://news.google.com/rss/articles/CBMiZEFVX3lxTFBOQ0VoX0Q4bTJtdm9seGpHZURCcTBLcEJGaEJDZ2lDQU5qYVA2XzZQTW16b0RvZ2tYakQxZ1dLYV9rVnNlQ28yTkFYZHhGbFNOWElJSy04ZWl1bkNnOUJuUGo4RC0?oc=5
2026-03-14T07:00:00+00:00,breaking-news,Google News (wrapper),QueryAligner: Customizing User Query to Match LLMs Preferences for Better Intent Recognition - The Association for the Advancement of Artificial Intelligence,https://news.google.com/rss/articles/CBMiZEFVX3lxTFBVdzU0cEJsaGJxckJDYndMZTRrcXRFcXVKaDY4ZHNnWHJEQW1RZEdKeFNNNzh5N1Nod0NkaVVjcGM0Z0ZTS1dQa3lFOER1NlA0d1N0Tkd1OUNHbVA1MGRud09mZkM?oc=5
2026-03-14T07:00:00+00:00,breaking-news,Google News (wrapper),Suit the Remedy to the Retriever: Interpretable Query Optimization with Retriever Preference Alignment for Vision-Language Retrieval | Proceedings of the AAAI Conference on Artificial Intelligence - The Association for the Advancement of Artificial Intelligence,https://news.google.com/rss/articles/CBMiZEFVX3lxTFB6MUtFMVdCM2VhQ0VSYllzaFBxUjRiWDAxT0xrdzVfWW52dDJtWTJvUDRZcHdOb1F1bUc3Yk5tWFNKYVNKRGpBbUk0X0VTOTZqYmpHcjE5Vk14dzhvRnBUWnNNWko?oc=5
2026-03-14T07:00:00+00:00,breaking-news,Google News (wrapper),Personalize Before Retrieve: LLM-based Personalized Query Expansion for User-Centric Retrieval - The Association for the Advancement of Artificial Intelligence,https://news.google.com/rss/articles/CBMiZEFVX3lxTE5BRkVPME13SGphTWNraEZUOW5od09XTGtXbGh0WGhLQjZUYi12WF85eFd6OS1jc1NHc3M4cDVTbi00OWhKb1ZySFNWaGgxeHU0U2p6eWdDSzVRaGdYakxmempyQUI?oc=5
2026-03-14T07:00:00+00:00,breaking-news,Google News (wrapper),Removing Box-Free Watermarks for Image-to-Image Models via Query-Based Reverse Engineering - The Association for the Advancement of Artificial Intelligence,https://news.google.com/rss/articles/CBMiZEFVX3lxTFA1WWloSzlxOWcwNi15U1RHREpFR1hzSktkeVg5bjRJZ1dZRGVDdUtaNXN2SHZQMGJrc00yQkwtMEV1QlgxSU5Lckt4dF9QSVJqc2RSbDg5SnNISHJ6WWp5c3ViMXY?oc=5
2026-03-14T07:00:00+00:00,breaking-news,Google News (wrapper),IQGS: Instance Query-based Gaussian Segmentation - The Association for the Advancement of Artificial Intelligence,https://news.google.com/rss/articles/CBMiZEFVX3lxTE1TeVJxS2ppRVBTRkxCSW9GcDRDSFdfc3plV0FfcEpmcDZ4dUZKRU5ROHFVaS1kWjNlbTlieVRJb2VkMkhDVWJoaUllWm96U2lnNmZJWWFkbUY1TV9SVzIxX0YzemI?oc=5
2026-03-14T07:00:00+00:00,breaking-news,Google News (wrapper),Query-Routed Activation Editing with Truth-hierarchical Preference Optimization - The Association for the Advancement of Artificial Intelligence,https://news.google.com/rss/articles/CBMiZEFVX3lxTE9oTERRb0EtTVJaTVU1WnpSQld1YnNpd3pPZ2l1ZXFVcmVHQkxuZVhETkgyeWNWcmQyMy1VN3N4dFhzN0RqM0ZfemRmNnNrRWtOZEVSV0VMMkltMWc1eFF0MEk4bmI?oc=5
2026-03-14T07:00:00+00:00,breaking-news,Google News (wrapper),QuoTA: Query-oriented Token Assignment via CoT Query Decouple for Long Video Comprehension - The Association for the Advancement of Artificial Intelligence,https://news.google.com/rss/articles/CBMiZEFVX3lxTFB0ZVMwY3B0N3FuLWEyaF9GN1lrWDhoOS11TnJhOWlWVjZjb2RONVI1U2ZONzRTRGVuMl8xVncwd3FVNVR5aEJoSm9zM2VfTm5fY2JESkkxZkIydjBoZkNLYnJ1cFQ?oc=5
2026-03-14T07:00:00+00:00,breaking-news,Google News (wrapper),Generalized-Scale Object Counting with Gradual Query Aggregation - The Association for the Advancement of Artificial Intelligence,https://news.google.com/rss/articles/CBMiZEFVX3lxTFBoZXhQaFVMbExZWVNlbFRseUY2RzBjWlpSdEtzeHo5eUpBeVdvRkQxaGRWTE9fWVlRSXc5TXZ1MC1xaE1HWWFjbWllOTZodFhweHZvZVhRTlBzTjUtUW9uWDRIelE?oc=5
2026-03-13T07:00:00+00:00,breaking-news,Google News (wrapper),SV-TransFusion for LiDAR 3D object detection with Sparse Voxel–Query Interaction - Nature,https://news.google.com/rss/articles/CBMiX0FVX3lxTE1vN0RqbHU1Z1hYa1NDeWRrUlp2bEE3a1YwOW9ZR09hRjhrc2lQQ2RpYldtcEVZQjhvUXFSMHdLZlQtR2pOdVNOSWRwS0t2cVhiS0x2RHRDWEJ0X1dHMkVr?oc=5
2026-03-11T07:00:00+00:00,breaking-news,Google News (wrapper),Power Query isn't just for experts: The beginner's guide to automating your data - How-To Geek,https://news.google.com/rss/articles/CBMiekFVX3lxTE5ubU5RTndrVzBBVklRU2pwZ1FGdHNtMWhsbUxQeURZNzFKT19jSWxJSWVCdjdWdmN1NGFyUEZHc3lnLXlRc0RoeHNJYTR0NW95QzZ3NVd2RThSQ3QxWlE1VVQtWXMyUS04WnA2MTdtR21LU3dmTTVCWU5B?oc=5
2026-03-10T07:00:00+00:00,breaking-news,Google News (wrapper),Your AI Carbon Footprint: What Every Query Really Costs - Earth911,https://news.google.com/rss/articles/CBMikgFBVV95cUxOYUlsOERFLWI3OENfbE1VVXhkZ2pJaDJCSDhheFB1eTBiQWhwNnNDXzItUWEyWWtrSGdkUzhqaXJCeUdsbkkxMDZDSGM3NVdiUHd4bFQ2X052bFFpTkZzVFBCYTM0ZXRSVm14czBXQWhtTXB0RFdvQ0R4RmU3TkNWNnBJMW9BMHZmQXB1Yi0xR2NLQQ?oc=5
2026-03-09T07:00:00+00:00,breaking-news,Google News (wrapper),Cougar Query: Shayla Bott - BYU News,https://news.google.com/rss/articles/CBMiZkFVX3lxTE5yQXkwVTRYbkdnVlRNVFhDc2oxMlpxTzVmSm5ZMERwd1FENTQxMjdRb0xVSHItMU1PT1VNUXVRSG9rOC1qZ1MtbFBRQnp6Wl9LUEdpR3pHdFlPbmZ0TEFQYzdDZWFvUQ?oc=5
2026-02-19T08:00:00+00:00,breaking-news,Google News (wrapper),GitHub Projects: Import items based on a query and hierarchy view improvements - The GitHub Blog,https://news.google.com/rss/articles/CBMiuwFBVV95cUxOZVdJaXNWU0NlOTh4V2xpbjRjM3g4U0kzYVh3WDNHNFd4R2l2aHY1VEZHYXZJclQ1U3I2dUZTOHhCUFdCd2NJVzhsYTdDcG9fOXJ5emZYZDM5d1cyc1lhRDNsXy10M2ZUd3Rxc2VjcUlJa2RzQXpPb21vVFRsYUhPamVwQUlNVWFjRkpMNFpZQ3RjTUh3RmlyNHNtVVBfZURvc3p6aktONmkxYWxsSUNLdUdfWWFGWVdVVmJv?oc=5
2026-02-18T23:06:43+00:00,breaking-news,Google News (wrapper),Unifying Ranking and Generation in Query Auto-Completion via Retrieval-Augmented Generation and Multi-Objective Alignment - Apple Machine Learning Research,https://news.google.com/rss/articles/CBMickFVX3lxTE5HVXBoZFlndUZhMFhMSEFzWjhoWXJVaUlLRkNKdGZiYjBOQU5rN1pfcW1VbTE0dlFCcHk4RElWcVRYSTFzekIzcTd2MkdZN2owQ1MtMnFrYUNvVzNoUEt0cmVLa1pvVjNCdXM3M1owTkpkZw?oc=5
2026-02-16T08:00:00+00:00,breaking-news,Google News (wrapper),IBM Unveils Expert Query To Replace Db2 Web Query - IT Jungle,https://news.google.com/rss/articles/CBMijwFBVV95cUxOUElNRVJxVHFNcHRFWDB2Uko5SDBqX0RPZXRMb0NQTHYzelBzaE5hUE9OTmxfNURiNG5XV3ViakMxMnNzNmQ5VDdDTXctNUgzc3Z0amoyMUxuSkFncFJYM0tZeGFob0tlVXJ2M3dCMHRlZVlXbXBTdm8xU1laazAzVlBmUVd2R1huSk9vdVd6NA?oc=5
2026-02-13T11:41:13+00:00,breaking-news,Google News (wrapper),Top 4 best practices for Snowflake query tuning (2026) - Flexera,https://news.google.com/rss/articles/CBMibkFVX3lxTE1wckFudW1yQkg1WGJWekwzeTAzMFFxSnB1aFlqU2VXNk9nOTQ4THZPVzZQY3Y1ZnI1UEZsSGtmTUFkdDlBQ0Nyc0xfb3pwMXlpNUNLRHhUSjBFV2tyS3pCczNKbmFuYW5say1kTmJn?oc=5
2026-02-11T09:13:17+00:00,breaking-news,Google News (wrapper),Snowflake query optimization: A comprehensive guide 2026 (part 1) - Flexera,https://news.google.com/rss/articles/CBMic0FVX3lxTE5ucUJMZVZVdEVBcDZNcXByREQtWFVnNEEyQ3BCNTFBaUt1YVVRSFhvRm51LWQzSGxoQ1BmUkIzUVNsRUtoTFg5QWd3NHRXNXhLdEhkYTcwV3pIQllRejFTd2ZwdW9FV2dETUdtQTk0d0Y3c1k?oc=5
2026-02-02T08:00:00+00:00,breaking-news,Google News (wrapper),Query-efficient decision-based adversarial attack with low query budget - Nature,https://news.google.com/rss/articles/CBMiX0FVX3lxTE1vek9RT044QkVKejZJSjBvZkJkSGFKMlhVTW82V05FQjFHTENsZGkxQkRlV2FFWnVNd1EwSkY5VHdBSXB6V2xrM1VkV1kzTFNQVEc0OGw2dXg0OU11ci1R?oc=5
2026-01-28T00:03:28+00:00,breaking-news,Google News (wrapper),"Jane C. Query Obituary Mar 28, 2023 - Brookside Chapel & Funeral Home",https://news.google.com/rss/articles/CBMiZkFVX3lxTE9hSk5Yc0tzU3YyWFdDN1VwYXVHdjNfenVSZERETkIzZmZNSWRDcmNRYlhMazBtSXpwYXlLVXUzOGw1RHBnMzc0Zmk2RzdPU284aDMzRUdvdnBmd2s2X2Vvb2xBekk1dw?oc=5
2026-01-22T08:00:00+00:00,breaking-news,Google News (wrapper),Improved Arabic query expansion using word embedding - Nature,https://news.google.com/rss/articles/CBMiX0FVX3lxTE1pSDVUc0hQZjVHMUowZXdSOWUyWTEwaktiNVBDRjlicXkxTE9FUDhKTzd6VmViWnBoSU5NejdKem5OenhGbnY4bkZUVWk3dzJtc1RkSzQzQ0I2eHVzcDc0?oc=5
2026-01-20T08:00:00+00:00,breaking-news,Google News (wrapper),Suspense and React Query make data fetching easy - Theodo,https://news.google.com/rss/articles/CBMiggFBVV95cUxQdnRrU0FLTjM4eGF0SEhEYy1USUVLekpBdlV0ajVZZm10UzFob3F4bkVwclhOS1U5SFZfRWtMRzd6VHJxbXBrcFJHbE5XUFJtMV9fY3Y3N2k2UnRvRTZGel8zTXNNa05XcDZ6X3JWYmUya3NpWVQ0Ni00eVJBRGQ1TW5B?oc=5
2026-01-15T08:00:00+00:00,breaking-news,Google News (wrapper),"Tariffs, trains and PB&J: Associate Professor of Economics Jason Query’s Fulbright year in Japan - WWU News",https://news.google.com/rss/articles/CBMitAFBVV95cUxNU2dIdG5QdnRfOFIzdkQ3ZWZWWGJLSnVWTi0wVE43YlRhQS1CZGYtNkJneVg3WFh6N1lCLUZnam0xUFNETGd0amNlUmVTT2tDQm9BVU9ONE5zZWVjYU1VREhaZHNmMW1UNHM3Tk40MDRicGRKdXljUmpqV0dxYmFZc3R2OUYxblFLZU9ZbzVpNnNrV09hNkFWWE9HWjUzTXFsLVZEVGVMcVYwQm1OdUlqbUxqaDk?oc=5
2026-01-14T08:00:00+00:00,breaking-news,Google News (wrapper),Azure SQL Now Captures Read-Only Queries in the Primary Query Store - Redmondmag.com,https://news.google.com/rss/articles/CBMioAFBVV95cUxQWHQyZmYxRkRvNnBfR0hONEF3ZGp0ODZHVWprQ0liMU5zb0pzT01YdmFRWE44NEtKOWRwODdKb3cyVTkzSkpKREY0VVdHUUg2SklDd3psWjFkakdsYVI5dEpIVzVoQVRxNU1SUk80aDZFd1RQNE9JZ1k4T1FBNDRyT0Z4UXpiTG82ZFRRRDFZUzBvYnFRRjUtT1N1emliZVZ1?oc=5
2026-01-12T08:00:00+00:00,breaking-news,Google News (wrapper),Part 5: Putting Queries to the Test | National Syndromic Surveillance Program (NSSP) - Centers for Disease Control and Prevention | CDC (.gov),https://news.google.com/rss/articles/CBMilAFBVV95cUxNdWVVSDZMY2lQTTZ1NnhqWFc0NFZseHYtRmNkVFdTa3lFNG92bGp3S0ZsVFB5c1c0VEhkaUE1X2dJS3NTTzR1cktBbzNLV0M3MlpWSWxxSHNrOEZYZ0dDQ2ppM2xUbXdCYjh6UWM5aVJaYm5DNXlxUVJXbkZjUnluQkFhMXI3ZkRQcUhQdmZrRkhPdDBn?oc=5
2026-01-12T08:00:00+00:00,breaking-news,Google News (wrapper),Query Helps Identify ED Visits After Vaccination - Centers for Disease Control and Prevention | CDC (.gov),https://news.google.com/rss/articles/CBMimwFBVV95cUxQMWlJWnZad3JyeXVZMnR2Ymc4MkwyelY4dlF0ejJ6bG5DanlWX1BSWDh6dXV2UnkzMW9tNXRiaUJYaWE1ank3NjZleTdmaUdndktaNFdVY0ZERUVLVUg2T3lCZjZwNTJNcmhkVVlVelNsTTJTTnB2dVhjQk9oMkZfUmVQTjlVUFprNHd4U3d4MHdHRkR2b2FsN2hSWQ?oc=5
2026-01-12T08:00:00+00:00,breaking-news,Google News (wrapper),5 Simple Tips for Improving Query Performance | National Syndromic Surveillance Program (NSSP) - Centers for Disease Control and Prevention | CDC (.gov),https://news.google.com/rss/articles/CBMikgFBVV95cUxNMERnX1R6elVLcTc2QXVoQ2lvOGZzXzNmLU5EUHFiclBLeEpTVlEyRHgwVFI1Y3ZwMjFDT0Q1aUVubXNWckx0R0tGTk9lNHdBOV81ZE1GcENjeGRRZlBlQWhUX3RoU2JsRE4zdWNEb3JKSFEwSVA2aHFUM1NDUUQybWxYUjJtVWNCWDJBRWFGTFNKdw?oc=5
2026-01-06T08:00:00+00:00,breaking-news,Google News (wrapper),A novel lightweight medical blockchain data query scheme - Nature,https://news.google.com/rss/articles/CBMiX0FVX3lxTE5wZ3dESUNZaUpJMW1iZHZMRFNfazFmR0FURk1aZ3RaLTV2VmN4aVhzSmxHMmdBX1ZNN2pBamd5Z1gxS3dkOVBURmtla1RKOWU0LXROZkVIMVc5RUNaX01V?oc=5
2026-01-05T08:00:00+00:00,breaking-news,Google News (wrapper),Implementing consistent DNS Query Logging with Amazon Route 53 Profiles - Amazon Web Services (AWS),https://news.google.com/rss/articles/CBMizgFBVV95cUxQeVZiak55bXZVdV9hdEs2MW9CT0QxUjZsQnIwTi12akduSnF5dEZ5ZFJuRmZRNi1QdlJSc3E3a1Z0aEEycEdGdzVaWkROVEFYMmx5MDhPTTAyWW9YXzZqdDEwNFdjMUJtRk5ETXM5b2JDUFlUYmw5bUpzZy13YkdSNXdGSnkxV0pKcDBMOEJiY3k4WThGSjB1MkdtUTI1d29ENGFWY09fSkpNTHNsLS0wRGIwRW1sbTF3RFFCd25CbUx3UEJIMFU2RGl6WVpYQQ?oc=5
2025-12-10T08:00:00+00:00,breaking-news,Google News (wrapper),Screenwriter Harrison Query Is Proving The Spec Script Market Is Very Much Alive - Final Draft,https://news.google.com/rss/articles/CBMisgFBVV95cUxOOXJPdkowVWJvZTdZUmdLbnNKYVJQeHlfOVQ0enFXR2h5RUlCYzN5VnRxWExScXNlWEdWcllhZUFUWHBnY0ZQZk5WU3RGbFAzSnZiMHU4U3VOVlhaNGtBNzg2bXprOU9sSVV5ZkNUOWx6cDZmWjl5T2NhWEpQOWxrck5xUDdGOFljbFNDN2x0NWVlZDd2WnItemNoa004UzF1TVRUSGVSRWZJQW9Ea2plNnFR?oc=5
2025-12-02T08:00:00+00:00,breaking-news,Google News (wrapper),Introducing Malicious LDAP Query Protection for Cortex ITDR - Palo Alto Networks,https://news.google.com/rss/articles/CBMiugFBVV95cUxNRXp1RWRzMzNEY2RSaGdvM3NLdktrWXZydjZaTGpnV1FVeFhQeGZ4S241T2pOTF96cjlOZUFzejlMUWwwaWNaUzhtWXBzY2NYeXlxS0FiMVJxX0RjcXBWWlI3c1JGS3dmNmlwVXRyaUJGOEdnaEFjVThXck9MMFh0QWRrQlFZNkl3LW5RaHZ5aGpkakZXYTZEOXp2QThZcFh1NG94ZXJZdkgwUTgxR1p5SmZvSm9ZYjBzcEE?oc=5
2025-11-23T08:00:00+00:00,breaking-news,Google News (wrapper),Query-Based Model Extraction Attack on GCN: A Surrogate Model Technique for Non-Euclidean Data - The Association for the Advancement of Artificial Intelligence,https://news.google.com/rss/articles/CBMiaEFVX3lxTE1kWG9HbjktSl9uRDZXOHRHMFozODdCZGRsNlRSQ0F1NlZXWlhqcVozZGEzUWpQVU40blFiYlFDTFR4WnBRVndiZUtSV0E0TVJQbGVMXzlmVkxoWFR5dFRFNHdDdFBOQUFS?oc=5
2025-11-19T08:00:00+00:00,breaking-news,Google News (wrapper),New to Falcon Next-Gen SIEM? Start with these commonly-used query functions - CrowdStrike,https://news.google.com/rss/articles/CBMilwFBVV95cUxPbkQwaTBwSUltQ3NrSGlGdGxkVlRGd1Zxck1yXzRWTjdkNlFwWURxSmVzMWZreUZTQTlmZ1BIa2RuTU15N25rYWVVRHpCX0VKOVBTODY3UlpzQzRiMDVabGxvMF9fcDE5NVRVMTZ4OVdRclB4UkM4R2NvcXFVdWVsSU1JNENhaF85eGhWdUdLaTZVSUc5eHJZ?oc=5
2025-11-11T08:00:00+00:00,breaking-news,Google News (wrapper),Amazon DocumentDB (with MongoDB compatibility) introduces new query planner that delivers up to 10x performance improvements | Amazon Web Services - Amazon Web Services (AWS),https://news.google.com/rss/articles/CBMi8wFBVV95cUxQZXJ2bnNuMEs0TDcxblZHVnl4eUV0U1lJR2I5RTFLZF9rMURVRVRIYzNUY2RBMUh1blc4NXRjMUVEaWoyTFV3dnBkaDNCeHUyQWFJbVBXVU9hQk9mNzlmaUstSkdQMWtOVWxhVXAwR0xPdTBoS2t6OHJmNHlkMEVfR2RzUWU4Tmp0N2pVaVVIa1lvVHF4VU1naU1HTjhST1pWUHpldjAtcGFHa2M1ZGJjQTN4V3U2eFVNSHhvVHBGRXVHOXlCT2ZEWlZwemJ0NXNJRk9Rdzh5U0xCUHJyTUFDVzczb1llZnJpUWFOWWVseTQzM1U?oc=5
2025-11-04T08:00:00+00:00,breaking-news,Google News (wrapper),Optimizing Query Execution in Cortex AISQL - Snowflake,https://news.google.com/rss/articles/CBMihAFBVV95cUxQQVpLbTNUTlkxU083b2hIVTBUMFRSTVNIV0dSX1E2d1RJU3Y2eGZKYmt3OUFQR2tkWmhhWWo2dGRzcWotX09leDZhVC1DcUxHbGVHRERlWW00Tm9VMUJTTkJmWTVZVXJZR2FHaEdCdVlXZmliaG8wUkZrUDdlUEphXzZjbjc?oc=5
2025-09-25T07:00:00+00:00,breaking-news,Google News (wrapper),R2 SQL: a deep dive into our new distributed query engine - The Cloudflare Blog,https://news.google.com/rss/articles/CBMiWEFVX3lxTE5OeGpqeXR1REZBLVlvUzlfbk1lTnZ0MTVlZWd5ZzdzamdxQjFVaDlkRUxVQ3NVOWdoRy1KOUxlS3c3QnhzQVZDR21aSmkwVDBYOHlQMVlaR1I?oc=5
2025-04-30T14:04:28+00:00,breaking-news,BBC News (Top Stories),BBC News app,https://www.bbc.co.uk/news/10628994?at_medium=RSS&at_campaign=rss
2026-07-21T13:52:56+00:00,finance,Yahoo Finance,Yanara secures $171m for Australian renewable energy portfolio,https://finance.yahoo.com/energy/articles/yanara-secures-171m-australian-renewable-135256827.html
2026-07-21T13:51:40+00:00,finance,Yahoo Finance,Forward Air secures deal to keep at least 50% of $250M account,https://finance.yahoo.com/markets/stocks/articles/forward-air-secures-deal-keep-135140731.html
2026-07-21T13:50:07+00:00,finance,Yahoo Finance,"The bulls are circling Meta again, but investors should keep one thing in mind",https://finance.yahoo.com/markets/article/the-bulls-are-circling-meta-again-but-investors-should-keep-one-thing-in-mind-135007703.html
2026-07-21T13:50:00+00:00,finance,MarketWatch,The co-founder of Stocktwits dumped chip stocks before their 20% slide. Where he’s putting his money now.,https://www.marketwatch.com/story/the-co-founder-of-stocktwits-dumped-chip-stocks-before-a-20-slide-where-hes-putting-his-money-now-07e8724f?mod=mw_rss_topstories
2026-07-21T13:49:00+00:00,finance,MarketWatch,How to successfully deal with a micromanaging boss,https://www.marketwatch.com/story/how-to-successfully-deal-with-a-micromanaging-boss-d9151b50?mod=mw_rss_topstories
2026-07-21T13:45:27+00:00,finance,Yahoo Finance,ADNOC approves $6.2bn Umm Shaif gas cap development,https://finance.yahoo.com/energy/articles/adnoc-approves-6-2bn-umm-134527751.html
2026-07-21T13:45:10+00:00,finance,Yahoo Finance,"Alphabet's Gemini delay, spending worries loom over earnings",https://finance.yahoo.com/technology/ai/articles/alphabets-gemini-delay-spending-worries-134510067.html
2026-07-21T13:44:00+00:00,finance,Yahoo Finance,Russia Passes New Crypto Market Law,https://finance.yahoo.com/markets/crypto/articles/russia-passes-crypto-market-law-134400590.html
2026-07-21T13:43:15+00:00,finance,Yahoo Finance,"Stock Market Today: Dow Jones Index Rises As Memory Stocks Marvell, Micron, Sandisk Rally (Live Coverage)",https://www.investors.com/market-trend/stock-market-today/dow-jones-sp500-nasdaq-gm-stock-marvell-micron-sandisk/?src=A00220&yptr=yahoo
2026-07-21T13:40:36+00:00,finance,Yahoo Finance,AI Power Demand Continues to Surge: 5 Highest Yielding Utility Stocks You Can Hold for Decades,https://finance.yahoo.com/energy/articles/ai-power-demand-continues-surge-134036874.html
2026-07-21T13:40:26+00:00,finance,Yahoo Finance,"Shopify downgraded, Five Below upgraded: Wall Street's top analyst calls",https://finance.yahoo.com/markets/stocks/articles/micron-downgraded-five-below-upgraded-133947861.html
2026-07-21T13:38:13+00:00,finance,CoinDesk (Crypto),MoneyGram's CEO says blockchain works best when customers don't know it's there,https://www.coindesk.com/tech/2026/07/17/moneygram-s-ceo-says-blockchain-works-best-when-customers-don-t-know-it-s-there
2026-07-21T13:38:00+00:00,finance,MarketWatch,"If timing the stock market were easy, the Iran war would have proven it. It’s done the opposite.",https://www.marketwatch.com/story/if-timing-the-stock-market-were-easy-the-iran-war-would-have-proven-it-its-done-the-opposite-ac090ad3?mod=mw_rss_topstories
2026-07-21T13:37:38+00:00,finance,Yahoo Finance,Germany’s Intersnack to buy US peer Utz in $2.9bn deal,https://finance.yahoo.com/markets/stocks/articles/germany-intersnack-buy-us-peer-133738706.html
2026-07-21T13:37:00+00:00,finance,Yahoo Finance,General Motors boosts 2026 outlook as North America margins surge,https://finance.yahoo.com/markets/stocks/articles/general-motors-boosts-2026-outlook-133700030.html
2026-07-21T13:35:19+00:00,finance,Yahoo Finance,Planet Fitness (PLNT) Declined After Guidance Cut,https://finance.yahoo.com/markets/stocks/articles/planet-fitness-plnt-declined-guidance-133519968.html
2026-07-21T13:35:01+00:00,finance,Yahoo Finance,Comparing IGSB vs VTES: Corporate Bonds Beat Tax-Exempt Bonds on Returns,https://finance.yahoo.com/markets/stocks/articles/comparing-igsb-vs-vtes-corporate-133501547.html
2026-07-21T13:35:00+00:00,finance,Yahoo Finance,A 70-year-old blew through one-third of his $3 million nest egg in 3 years — financial advisors say he needs to act now,https://finance.yahoo.com/markets/articles/70-old-blew-one-third-133500051.html
2026-07-21T13:32:00+00:00,finance,MarketWatch,Americans are skipping lettuce and salads as investigation into cyclospora outbreak continues,https://www.marketwatch.com/story/americans-are-skipping-lettuce-and-salads-as-investigation-into-cyclospora-outbreak-continues-562499b6?mod=mw_rss_topstories
2026-07-21T13:32:00+00:00,finance,MarketWatch,Welcome to the ‘Roaring ’20s’: Here’s how this earnings season will keep the bull market strong,https://www.marketwatch.com/story/welcome-to-the-roaring-20s-heres-how-this-earnings-season-will-keep-the-bull-market-strong-4a70be72?mod=mw_rss_topstories
2026-07-21T13:31:10+00:00,finance,Yahoo Finance,Hamilton Lane (HLNE) Slid Amid Broader Concerns,https://finance.yahoo.com/markets/stocks/articles/hamilton-lane-hlne-slid-amid-133110810.html
2026-07-21T13:30:13+00:00,finance,Forbes Business,The Odyssey’s Record Rotten Tomatoes Audience Review Score Has Solidified,https://www.forbes.com/sites/paultassi/2026/07/21/the-odysseys-record-rotten-tomatoes-audience-review-score-has-solidified/
2026-07-21T13:30:00+00:00,finance,Forbes Business,Fleetwood Mac’s Hugely Popular Album Reaches A Chart Milestone,https://www.forbes.com/sites/hughmcintyre/2026/07/21/fleetwood-macs-hugely-popular-album-reaches-a-chart-milestone/
2026-07-21T13:28:50+00:00,finance,Yahoo Finance,Below Expected Sales for AMDS Hurt Artivion (AORT) in Q2,https://finance.yahoo.com/markets/stocks/articles/below-expected-sales-amds-hurt-132850372.html
2026-07-21T13:25:41+00:00,finance,Yahoo Finance,Here’s Why Investors Favour DigitalOcean Holdings (DOCN),https://finance.yahoo.com/markets/stocks/articles/why-investors-favour-digitalocean-holdings-132541645.html
2026-07-21T13:25:00+00:00,finance,MarketWatch,Time to buy the dip in momentum stocks after a punishing July drawdown? Here’s what history tells us.,https://www.marketwatch.com/story/time-to-buy-the-dip-in-momentum-stocks-after-a-punishing-july-drawdown-heres-what-history-tells-us-bc5c0c4e?mod=mw_rss_topstories
2026-07-21T13:25:00+00:00,finance,Yahoo Finance,"Mike Rowe says the US Pentagon needs 400,000 welders and electricians — here's how savvy Americans are playing the boom",https://finance.yahoo.com/small-business/articles/mike-rowe-says-us-pentagon-132500720.html
2026-07-21T13:22:00+00:00,finance,Yahoo Finance,Nebius Stock Jumps On News Of Nvidia Stake,https://finance.yahoo.com/markets/stocks/articles/nebius-stock-jumps-news-nvidia-132200251.html
2026-07-21T13:16:17+00:00,finance,Forbes Business,Northern Lights Update: 12 States In Aurora Borealis Viewline Tuesday,https://www.forbes.com/sites/maryroeloffs/2026/07/21/northern-lights-update-12-states-in-aurora-borealis-viewline-tuesday/
2026-07-21T13:15:29+00:00,finance,Yahoo Finance,3M stock jumps on raised outlook as company's turnaround gains traction,https://finance.yahoo.com/markets/article/3m-stock-jumps-on-raised-outlook-as-companys-turnaround-gains-traction-131529020.html
2026-07-21T13:11:00+00:00,finance,MarketWatch,Novo Nordisk sues Eli Lilly over ads as GLP-1 market hits ‘inflection point’,https://www.marketwatch.com/story/novo-nordisk-sues-eli-lilly-over-ads-comparing-glp-1-medications-6b223080?mod=mw_rss_topstories
2026-07-21T13:10:02+00:00,finance,Forbes Business,The Fight Over The 2030 FIFA World Cup Has Already Started,https://www.forbes.com/sites/clementelisi/2026/07/21/the-fight-over-the-2030-fifa-world-cup-has-already-started/
2026-07-21T13:08:32+00:00,finance,Bloomberg Markets,"Kalshi Seeks Approval for Perpetual Futures Tied to Gold, Silver",https://www.bloomberg.com/news/articles/2026-07-21/kalshi-seeks-approval-for-perpetual-futures-tied-to-gold-silver
2026-07-21T13:07:44+00:00,finance,Bloomberg Markets,"London’s 24-Hour Trading Is Unlikely to Revive Market, GAM Says",https://www.bloomberg.com/news/articles/2026-07-21/london-s-24-hour-trading-is-unlikely-to-revive-market-gam-says
2026-07-21T13:02:06+00:00,finance,Bloomberg Markets,Indian Refiners Halt Iraq Oil Loadings as Hormuz Risks Escalate,https://www.bloomberg.com/news/articles/2026-07-21/indian-refiners-halt-iraq-oil-loadings-as-hormuz-risks-escalate
2026-07-21T13:01:13+00:00,finance,Forbes Business,Novo Nordisk Sues GLP-1 Rival Eli Lilly For Misleading Advertising,https://www.forbes.com/sites/conormurray/2026/07/21/novo-nordisk-sues-glp-1-rival-eli-lilly-for-misleading-advertising/
2026-07-21T13:00:00+00:00,finance,Forbes Business,"Undervalued Snapchat Worth Another Look, Study Says",https://www.forbes.com/sites/sharonedelson/2026/07/21/undervalued-snapchat-worth-another-look-says-study/
2026-07-21T13:00:00+00:00,finance,Forbes Business,Energy After Peace In Ukraine,https://www.forbes.com/sites/arielcohen/2026/07/21/energy-after-peace-in-ukraine/
2026-07-21T13:00:00+00:00,finance,Forbes Business,Bonnie Tyler’s Chart Hits Keep Coming As Fans Mourn Her Passing,https://www.forbes.com/sites/hughmcintyre/2026/07/21/bonnie-tylers-chart-hits-keep-coming-as-fans-mourn-her-passing/
2026-07-21T13:00:00+00:00,finance,Forbes Business,"Beyond Yoga Announces Glowzone, Its Most Ambitious Technical Collection Yet",https://www.forbes.com/sites/sharonedelson/2026/07/21/beyond-yoga-announces-glowzone-its-most-ambitious-technical-collection-yet/
2026-07-21T12:53:55+00:00,finance,Bloomberg Markets,Short Sellers Ramp Up Bets Against HelloFresh’s Debut Bond,https://www.bloomberg.com/news/articles/2026-07-21/short-sellers-ramp-up-bets-against-hellofresh-s-debut-bond
2026-07-21T12:53:22+00:00,finance,Yahoo Finance,Stocks advance on tech strength; Mideast in focus,https://finance.yahoo.com/markets/world-indices/articles/asian-stocks-rise-mideast-mediation-020338229.html
2026-07-21T12:50:31+00:00,finance,Bloomberg Markets,"Colombia, Peru Send Early Policy Signs to Extend Election Rally",https://www.bloomberg.com/news/articles/2026-07-21/colombia-peru-send-early-policy-signs-to-extend-election-rally
2026-07-21T12:45:34+00:00,finance,Yahoo Finance,Ardian alumni's Clipway breaks debut secondaries record at $6.4B,https://finance.yahoo.com/markets/stocks/articles/ardian-alumnis-clipway-breaks-debut-124534032.html
2026-07-21T12:45:00+00:00,finance,Forbes Business,How Much Water Does AI Use? The $58 Billion Risk,https://www.forbes.com/sites/robertszczerba/2026/07/21/how-much-water-does-ai-use-the-58-billion-risk/
2026-07-21T12:42:29+00:00,finance,CoinDesk (Crypto),Jack Mallers steps down as XXI Capital CEO as Tether's plans to merge three bitcoin firms falls,https://www.coindesk.com/business/2026/07/21/jack-mallers-steps-down-as-xxi-capital-ceo-as-tether-s-plans-to-merge-three-bitcoin-firms-falls
2026-07-21T12:41:46+00:00,finance,Forbes Business,Ukraine Deploys Firefly Guided Munitions For Drone Bombers,https://www.forbes.com/sites/davidhambling/2026/07/21/ukraine-deploys-firefly-guided-munitions-for-drone-bombers/
2026-07-21T12:41:00+00:00,finance,MarketWatch,It’s getting easier for terminally ill people to end their own lives. What to know as laws change.,https://www.marketwatch.com/story/its-getting-easier-for-terminally-ill-people-to-end-their-own-lives-what-to-know-as-laws-change-4fa04c54?mod=mw_rss_topstories
2026-07-21T12:39:00+00:00,finance,MarketWatch,"Your healthcare could now cost $185,500 in retirement — and that doesn’t include long-term care",https://www.marketwatch.com/story/your-healthcare-could-now-cost-185-500-in-retirement-and-that-doesnt-include-long-term-care-5f4f6da8?mod=mw_rss_topstories
2026-07-21T12:36:29+00:00,finance,Forbes Business,Carrie Ann Inaba Talks About Her Challenges With Sjögren’s Disease,https://www.forbes.com/sites/brucelee/2026/07/21/carrie-ann-inaba-talks-about-her-challenges-with-sjgrens-disease/
2026-07-21T12:36:28+00:00,finance,Bloomberg Markets,"InMobi Appoints JPMorgan, Jefferies for Nearly $1 Billion IPO",https://www.bloomberg.com/news/articles/2026-07-21/inmobi-appoints-jpmorgan-jefferies-for-nearly-1-billion-ipo
2026-07-21T12:35:25+00:00,finance,Bloomberg Markets,"Biotech IPOs Outperform AI Listings, Leading US Market in 2026",https://www.bloomberg.com/news/articles/2026-07-21/biotech-ipos-outperform-ai-listings-leading-us-market-in-2026
2026-07-21T12:35:00+00:00,finance,MarketWatch,"Alphabet is pouring record cash into data centers, and earnings will show whether that’s paying off",https://www.marketwatch.com/story/alphabet-is-pouring-record-cash-into-data-centers-and-earnings-will-show-if-thats-paying-off-fad38a2c?mod=mw_rss_topstories
2026-07-21T12:31:43+00:00,finance,Bloomberg Markets,Nasdaq 100 Soars as Chipmaker Rebound Overshadows Iran War,https://www.bloomberg.com/news/articles/2026-07-21/us-stock-futures-rise-as-chipmaker-rebound-overshadows-iran-war
2026-07-21T12:30:19+00:00,finance,Bloomberg Markets,Saudi Crude Flow From Red Sea Hit Record Before Houthi Warning,https://www.bloomberg.com/news/articles/2026-07-21/saudi-crude-flow-from-red-sea-hit-record-before-houthi-warning
2026-07-21T12:30:00+00:00,finance,Forbes Business,The Spice Girls Almost Return To No. 1 With The Group’s Signature Hit,https://www.forbes.com/sites/hughmcintyre/2026/07/21/the-spice-girls-almost-return-to-no-1-with-the-groups-signature-hit/
2026-07-21T12:17:20+00:00,finance,Forbes Business,The Most Important Packers: No. 8 — RT Zach Tom,https://www.forbes.com/sites/robreischel/2026/07/21/the-most-important-packers-no-8---rt-zach-tom/
2026-07-21T12:12:34+00:00,finance,Bloomberg Markets,Chinese Oil Tanker U-Turns in Red Sea After Houthi Attack Threat,https://www.bloomberg.com/news/articles/2026-07-21/chinese-oil-tanker-u-turns-in-red-sea-after-houthi-attack-threat
2026-07-21T12:00:00+00:00,finance,Forbes Business,Pistons Legend Rick Mahorn Returns To Detroit Roots As BIG3 Coach,https://www.forbes.com/sites/jefffedotin/2026/07/21/pistons-legend-rick-mahorn-returns-to-detroit-roots-as-big3-coach/
2026-07-21T12:00:00+00:00,finance,Forbes Business,Humanoid Raises $152 Million At $1.35 Billion Valuation: Europe’s Newest Robot Unicorn,https://www.forbes.com/sites/johnkoetsier/2026/07/21/humanoid-raises-152-million-at-135-billion-valuation-europes-newest-robot-unicorn/
2026-07-21T12:00:00+00:00,finance,Forbes Business,“Tax The Rich” Will Be On The Ballot For 14% Of Americans In November,https://www.forbes.com/sites/nathangoldman/2026/07/21/tax-the-rich-will-be-on-the-ballot-for-14-of-americans-in-november/
2026-07-21T12:00:00+00:00,finance,Forbes Business,The Next Green Revolution: Climate-Resilient Crops,https://www.forbes.com/sites/dereknorman/2026/07/21/the-next-green-revolution-climate-resilient-crops/
2026-07-21T12:00:00+00:00,finance,Forbes Business,The Rolling Stones Tie The Biggest Band Of All Time,https://www.forbes.com/sites/hughmcintyre/2026/07/21/the-rolling-stones-tie-the-biggest-band-of-all-time/
2026-07-21T11:58:00+00:00,finance,Yahoo Finance,Charles Schwab profits surge as retail traders bought the dip in a volatile quarter,https://finance.yahoo.com/markets/article/charles-schwab-profits-surge-as-retail-traders-bought-the-dip-in-a-volatile-quarter-115800025.html
2026-07-21T11:56:30+00:00,finance,Bloomberg Markets,Economic Momentum Flips From Blessing to Curse for S&P 500 Bulls,https://www.bloomberg.com/news/articles/2026-07-21/economic-momentum-flips-from-blessing-to-curse-for-s-p-500-bulls
2026-07-21T11:54:11+00:00,finance,Bloomberg Markets,Shale Trades Go-Go Days of Growth for Output Creep,https://www.bloomberg.com/news/newsletters/2026-07-21/shale-trades-go-go-days-of-growth-for-output-creep
2026-07-21T11:50:38+00:00,finance,Bloomberg Markets,Wall Street Talks Up Carry Trade as Returns Soar Most in Decades,https://www.bloomberg.com/news/articles/2026-07-21/wall-street-talks-up-carry-trade-as-returns-soar-most-in-decades
2026-07-21T11:37:22+00:00,finance,CoinDesk (Crypto),"Bitcoin rally has broad-based support as institutions, whales, options traders pile in",https://www.coindesk.com/daybook-us/2026/07/21/bitcoin-rally-has-broad-based-support-as-institutions-whales-options-traders-pile-in
2026-07-21T11:34:52+00:00,finance,Bloomberg Markets,Victoria Debt Deal Faces Opposition From HSBC Bank,https://www.bloomberg.com/news/articles/2026-07-21/victoria-debt-deal-faces-opposition-from-hsbc-bank
2026-07-21T11:30:00+00:00,finance,Forbes Business,Economic Growth Trade-Off: Creative Destruction V Stability,https://www.forbes.com/sites/billconerly/2026/07/21/economic-growth-trade-off-creative-destruction-v-stability/
2026-07-21T11:30:00+00:00,finance,Forbes Business,Mets Legend Declines Manager’s Job After Sudden Firing: Report,https://www.forbes.com/sites/peterchawaga/2026/07/21/mets-legend-declines-managers-job-after-sudden-firing-report/
2026-07-21T11:26:47+00:00,finance,Yahoo Finance,"Daily Spotlight: Financially Healthy, Wealthy, and Wise",https://finance.yahoo.com/research/reports/ARGUS_47678_MarketOutlook_1784633207000?yptr=yahoo&ncid=yahooproperties_plusresear_nm5q6ze1cei
2026-07-21T11:26:06+00:00,finance,Yahoo Finance,Technical Assessment: Bullish in the Intermediate-Term,https://finance.yahoo.com/research/reports/ARGUS_47677_TechnicalAnalysis_1784633166000?yptr=yahoo&ncid=yahooproperties_plusresear_nm5q6ze1cei
2026-07-21T11:19:18+00:00,finance,CoinDesk (Crypto),Clarity odds jump to 43% on Polymarket after unverified reports Trump agreed to ethics deal,https://www.coindesk.com/markets/2026/07/21/clarity-act-odds-jump-11-points-on-polymarket-after-reports-trump-agreed-to-ethics-deal
2026-07-21T11:02:48+00:00,finance,CoinDesk (Crypto),"Crypto markets rally on Clarity progress report, Asian chip-stock rebound",https://www.coindesk.com/markets/2026/07/21/crypto-markets-rally-on-clarity-progress-report-asian-chip-stock-rebound
2026-07-21T11:00:00+00:00,finance,Forbes Business,"Phillies’ 24-Year-Old Pitcher Breaks Silence On Cancer Battle, ‘I Never Imagined’",https://www.forbes.com/sites/peterchawaga/2026/07/21/phillies-24-year-old-pitcher-breaks-silence-on-cancer-battle-i-never-imagined/
2026-07-21T10:55:46+00:00,finance,Bloomberg Markets,Kazakh Oil Flows to Black Sea Forced to Stop as Tankers Hit,https://www.bloomberg.com/news/articles/2026-07-21/kazakhstan-to-stop-piping-oil-to-black-sea-after-tanker-attacks
2026-07-21T10:52:23+00:00,finance,Yahoo Finance,Analyst Report: Truist Financial Corp,https://finance.yahoo.com/research/reports/ARGUS_3641_AnalystReport_1784631143000?yptr=yahoo&ncid=yahooproperties_plusresear_nm5q6ze1cei
2026-07-21T10:52:23+00:00,finance,Yahoo Finance,Analyst Report: Palo Alto Networks Inc,https://finance.yahoo.com/research/reports/ARGUS_3643_AnalystReport_1784631143000?yptr=yahoo&ncid=yahooproperties_plusresear_nm5q6ze1cei
2026-07-21T10:37:23+00:00,finance,Yahoo Finance,"Market Digest: TFC, PANW, VGNT",https://finance.yahoo.com/research/reports/ARGUS_47675_MarketSummary_1784630243000?yptr=yahoo&ncid=yahooproperties_plusresear_nm5q6ze1cei
2026-07-21T10:30:00+00:00,finance,Forbes Business,9 Best Stocks To Buy Now For August 2026,https://www.forbes.com/sites/investor-hub/article/best-stocks-buy-now-august-2026/
2026-07-21T10:30:00+00:00,finance,Forbes Business,Former Cardinals Prospect Turned Team Owner And Commissioner Dies After Prolific Career,https://www.forbes.com/sites/peterchawaga/2026/07/21/former-cardinals-prospect-turned-team-owner-and-commissioner-dies-after-prolific-career/
2026-07-21T10:00:00+00:00,finance,Forbes Business,Attention Investors: How The Iran War Could Affect The Price Of Gold,https://www.forbes.com/sites/steveforbes/2026/07/21/attention-investors-how-the-iran-war-could-affect-the-price-of-gold/
2026-07-21T10:00:00+00:00,finance,Yahoo Finance,"Best CD rates today, Tuesday, July 21, 2026: Lock in up to 4.20% APY today",https://finance.yahoo.com/personal-finance/banking/article/best-cd-rates-today-tuesday-july-21-2026-lock-in-up-to-420-apy-today-100000330.html
2026-07-21T10:00:00+00:00,finance,Yahoo Finance,"Mortgage and refinance interest rates today, Tuesday, July 21, 2026: Inching lower",https://finance.yahoo.com/personal-finance/mortgages/article/mortgage-and-refinance-interest-rates-today-tuesday-july-21-2026-inching-lower-100000388.html
2026-07-21T08:46:31+00:00,finance,Yahoo Finance,"Stock market today: Nasdaq leads Dow, S&P 500 higher as chip stocks revive",https://finance.yahoo.com/markets/live/stock-market-today-tuesday-july-21-dow-sp-500-nasdaq-084631499.html
2026-07-21T07:21:04+00:00,finance,CoinDesk (Crypto),XRP jumps 4% as traders watch 'triangle breakout' toward $1.35,https://www.coindesk.com/markets/2026/07/21/xrp-jumps-4-as-traders-watch-triangle-breakout-toward-usd1-35
2026-07-21T07:14:51+00:00,finance,Bloomberg Markets,London Stock Exchange to Introduce Nonstop Trading Next Year,https://www.bloomberg.com/news/articles/2026-07-21/london-stock-exchange-to-introduce-nonstop-trading-next-year
2026-07-21T06:42:52+00:00,finance,CoinDesk (Crypto),"Live markets: Bitcoin rises to five-week high above $66,400 on rising hope for Clarity Act",https://www.coindesk.com/business/2026/07/21/live-markets-bitcoin-etfs-post-a-fifth-straight-day-of-inflows-in-a-first-since-april
2026-07-21T06:15:26+00:00,finance,CoinDesk (Crypto),UK Parliament begins inquiry into banking chokepoint for crypto businesses,https://www.coindesk.com/policy/2026/07/21/uk-parliamentary-group-begins-inquiry-into-banking-chokepoint-for-crypto-businesses
2026-07-21T05:34:00+00:00,finance,CoinDesk (Crypto),"Bitcoin hits one-month high above $66,000 as the chip trade turns back into a tailwind",https://www.coindesk.com/markets/2026/07/21/bitcoin-hits-a-two-week-high-near-usd65-500-as-the-chip-trade-turns-back-into-a-tailwind
2026-07-20T23:47:34+00:00,finance,Bloomberg Markets,Gold and Silver Rise on Dip-Buying as Traders Weigh Fed Strategy,https://www.bloomberg.com/news/articles/2026-07-20/gold-steady-as-traders-watch-middle-east-war-for-inflation-clues
2026-07-20T22:32:55+00:00,finance,Bloomberg Markets,LA’s $1.2 Billion Graffiti Towers Cleared to Exit Bankruptcy,https://www.bloomberg.com/news/articles/2026-07-20/la-s-1-2-billion-graffiti-towers-cleared-to-exit-bankruptcy
2026-07-20T22:11:54+00:00,finance,Bloomberg Markets,Latest Oil Market News and Analysis for July 21,https://www.bloomberg.com/news/articles/2026-07-20/latest-oil-market-news-and-analysis-for-july-20
2026-07-20T22:09:48+00:00,finance,Bloomberg Markets,Stocks Climb as Rebound in Chipmakers Gathers Pace: Markets Wrap,https://www.bloomberg.com/news/articles/2026-07-20/stock-market-today-dow-s-p-live-updates
2026-07-20T18:17:00+00:00,finance,Yahoo Finance,Jim Cramer says it may be time to trim comeback stock after 441% surge,https://finance.yahoo.com/markets/stocks/articles/jim-cramer-says-may-time-181700105.html
2026-07-20T16:51:31+00:00,finance,Yahoo Finance,How to file a renters insurance claim — and what to do if a claim is denied,https://finance.yahoo.com/personal-finance/insurance/article/how-to-file-a-renters-insurance-claim-165131785.html
2026-07-20T16:21:30+00:00,finance,Yahoo Finance,"GM boosts full-year guidance, reports Q2 earnings beat as costs come down",https://finance.yahoo.com/markets/stocks/article/gm-boosts-full-year-guidance-reports-q2-earnings-beat-as-costs-come-down-162130416.html
2026-07-20T15:19:56+00:00,finance,Yahoo Finance,"Bitcoin and ethereum prices today, Monday, July 20, 2026: Crypto prices mixed as second half 2026 outlooks conflict",https://finance.yahoo.com/personal-finance/investing/article/bitcoin-and-ethereum-prices-today-monday-july-20-2026-crypto-prices-mixed-as-second-half-2026-outlooks-conflict-151956982.html
2026-07-20T14:31:23+00:00,finance,CoinDesk (Crypto),"Inside Cardano's 'Van Rossum' hard fork, and what it means for users",https://www.coindesk.com/markets/2026/07/20/inside-cardano-s-van-rossum-hard-fork-and-what-it-means-for-users
2026-07-20T13:53:08+00:00,finance,CoinDesk (Crypto),Exodus to cut 25% of global workforce in payments shift,https://www.coindesk.com/business/2026/07/20/exodus-to-cut-25-of-global-workforce-in-payments-shift
2026-07-20T13:49:24+00:00,finance,CoinDesk (Crypto),"AI compute stocks bounce as Hut 8, IREN land billions in new contracts",https://www.coindesk.com/business/2026/07/20/hut-8-surges-on-usd9-8-billion-ai-data-center-lease-lifting-compute-sector
2026-07-20T12:55:36+00:00,finance,CoinDesk (Crypto),Tom Lee's Bitmine slowed ether purchases as it bought back $86 million in stock,https://www.coindesk.com/business/2026/07/20/tom-lee-s-bitmine-slowed-ether-purchases-as-it-bought-back-usd86-million-in-stock
2026-07-20T12:35:02+00:00,finance,CoinDesk (Crypto),"Saylor's Strategy raises cash reserves to $3.2 billion, leaving bitcoin holdings unchanged",https://www.coindesk.com/business/2026/07/20/saylor-s-strategy-raises-cash-reserves-to-usd3-225-billion-leaving-bitcoin-holdings-unchanged
2026-07-20T12:02:28+00:00,finance,CoinDesk (Crypto),Brazil’s securities regulator sets up task force with 60-day deadline for tokenization proposal,https://www.coindesk.com/policy/2026/07/20/brazil-s-securities-regulator-sets-up-task-force-with-60-day-deadline-for-tokenization-proposal
2026-07-20T11:53:24+00:00,finance,Yahoo Finance,"Earnings live: Charles Schwab stock dips, Halliburton Middle East revenue declines",https://finance.yahoo.com/markets/live/earnings-live-second-quarter-results-tesla-google-july-115324842.html
2026-07-20T11:15:57+00:00,finance,CoinDesk (Crypto),"A bitcoin 'volmageddon' may be brewing, key indicator suggests",https://www.coindesk.com/daybook-us/2026/07/20/a-bitcoin-volmageddon-may-be-brewing-key-indicator-suggests
2026-07-20T11:10:07+00:00,finance,CoinDesk (Crypto),Bank of Korea prepares for live CBDC transactions with 9 banks in September,https://www.coindesk.com/business/2026/07/20/bank-of-korea-prepares-for-live-cbdc-transactions-with-nine-banks-in-september
2026-07-20T10:33:14+00:00,finance,CoinDesk (Crypto),Crypto market slips even as equities advance. Pump surges on social-media chatter,https://www.coindesk.com/markets/2026/07/20/crypto-market-slips-even-as-equities-advance-pump-surges-on-social-media-chatter
2026-07-20T10:04:25+00:00,finance,CoinDesk (Crypto),Hyperliquid plans to add decentralized prediction markets in upgrade to HIP-4,https://www.coindesk.com/business/2026/07/20/hyperliquid-plans-to-add-decentralized-prediction-markets-in-upgrade-to-hip-4
2026-07-20T10:00:00+00:00,finance,Yahoo Finance,"HELOC and home equity loan rates today, Tuesday, July 21, 2026: Rates are moving",https://finance.yahoo.com/personal-finance/mortgages/article/heloc-and-home-equity-loan-rates-today-tuesday-july-21-2026-rates-are-moving-100000883.html
2026-07-20T10:00:00+00:00,finance,Yahoo Finance,"Best high-yield savings interest rates today, Tuesday, July 21, 2026: Earn up to 4.15% APY",https://finance.yahoo.com/personal-finance/banking/article/best-high-yield-savings-interest-rates-today-tuesday-july-21-2026-earn-up-to-415-apy-100000162.html
2026-07-20T09:31:22+00:00,finance,CoinDesk (Crypto),Cross-chain protocol Allbridge halts after $1.65 million flash loan exploit,https://www.coindesk.com/business/2026/07/20/cross-chain-protocol-allbridge-halts-after-usd1-65-million-flash-loan-exploit
2026-07-20T08:57:53+00:00,finance,CoinDesk (Crypto),"U.S. regulatory developments and earnings, ECB rate decision: Crypto Week Ahead",https://www.coindesk.com/markets/2026/07/20/u-s-regulatory-developments-and-earnings-ecb-rate-decision-crypto-week-ahead
2026-07-20T08:10:34+00:00,finance,CoinDesk (Crypto),Amazon Japan supplier AZ-Com Maruwa to adopt yen stablecoin JPYC for payments,https://www.coindesk.com/business/2026/07/20/amazon-japan-supplier-az-com-maruwa-to-adopt-yen-stablecoin-jpyc-for-payments
2026-07-20T07:15:47+00:00,finance,CoinDesk (Crypto),"Live updates: Bitcoin rises to one-month high of $65,700 before pulling back with stocks",https://www.coindesk.com/tech/2026/07/20/live-markets-oil-bounce-and-lingering-ai-selloff-pushes-bitcoin-under-usd64-000
2026-07-20T07:08:07+00:00,finance,CoinDesk (Crypto),"Moonshot AI IPO push follows Kimi, Alibaba AI releases that shook bitcoin",https://www.coindesk.com/tech/2026/07/20/moonshot-ai-ipo-push-follows-kimi-alibaba-ai-releases-that-shook-bitcoin
2026-07-20T05:46:36+00:00,finance,CoinDesk (Crypto),"Bitcoin ETFs see new money again, but inflows remain ‘peanuts’ relative to the recent exodus",https://www.coindesk.com/markets/2026/07/20/bitcoin-etfs-see-new-money-again-but-inflows-remain-peanuts-relative-to-the-recent-exodus
2026-04-14T15:45:06+00:00,finance,Yahoo Finance,When will gas prices go down? Gas is back above $4 per gallon.,https://finance.yahoo.com/personal-finance/banking/article/when-will-gas-prices-go-down-gas-is-back-above-4-per-gallon-154506731.html
2025-11-03T17:08:34+00:00,finance,Yahoo Finance,Weekly survey of mortgage lenders with the lowest rates: Interest rates dip lower,https://finance.yahoo.com/personal-finance/mortgages/article/weekly-survey-mortgage-lenders-with-the-best-lowest-rates-july-20-170834159.html
2025-04-11T21:02:19+00:00,finance,Yahoo Finance,How tariffs increase car insurance costs,https://finance.yahoo.com/personal-finance/insurance/article/car-insurance-tariffs-210219697.html
2026-07-21T14:00:06+00:00,world,NYT World,"1,700 H.I.V. Treatment Sites Closed After Trump Aid Cuts, a Study Finds",https://www.nytimes.com/2026/07/21/health/hiv-trump-cuts-pepfar.html
2026-07-21T13:50:50+00:00,world,NYT World,The Teenage Boys In Search of Their Mother After the Venezuela Earthquake,https://www.nytimes.com/2026/07/21/world/americas/venezuela-quake-victims-search.html
2026-07-21T13:43:13+00:00,world,NYT World,Epidemics and Rage,https://www.nytimes.com/2026/07/20/world/epidemics-rage-ebola-first-responders.html
2026-07-21T13:32:04+00:00,world,Al Jazeera,India tunnel collapse at a hydropower project kills 10 as 17 remain missing,https://www.aljazeera.com/news/2026/7/21/india-tunnel-collapse-at-a-hydropower-project-kills-10-as-17-remain-missing?traffic_source=rss
2026-07-21T13:31:22+00:00,world,NYT World,A Family’s Daring Escape From North Korea,https://www.nytimes.com/2026/07/21/world/asia/south-korea-family-defection-escape.html
2026-07-21T13:26:40+00:00,world,Al Jazeera,‘There is ‌no safe place’: Israeli attack kills family of six in Gaza,https://www.aljazeera.com/news/2026/7/21/there-is-no-safe-place-israeli-attack-kills-family-of-six-in-gaza?traffic_source=rss
2026-07-21T13:25:37+00:00,world,Al Jazeera,Trump’s new 50 percent Canada tariffs: What products are affected and why?,https://www.aljazeera.com/news/2026/7/21/trumps-new-50-percent-canada-tariffs-what-products-are-affected-and-why?traffic_source=rss
2026-07-21T13:17:04+00:00,world,Al Jazeera,Bodycam shows Florida student tased and arrested by campus police,https://www.aljazeera.com/video/newsfeed/2026/7/21/bodycam-shows-florida-student-tased-and-arrested-by-campus-police?traffic_source=rss
2026-07-21T13:13:12+00:00,world,NYT World,Trump Is Squeezing Canada. Don’t Expect Carney to Roll Over.,https://www.nytimes.com/2026/07/21/world/canada/trump-carney-trade-tariffs.html
2026-07-21T13:01:09+00:00,world,BBC World,Watch Texas police officer pull man from burning car,https://www.bbc.co.uk/news/videos/clyej920j5po?at_medium=RSS&at_campaign=rss
2026-07-21T12:59:28+00:00,world,Al Jazeera,Baby trafficking ringleader jailed for 7 years,https://www.aljazeera.com/video/newsfeed/2026/7/21/baby-trafficking-ringleader-jailed-for-7-years?traffic_source=rss
2026-07-21T12:56:21+00:00,world,Al Jazeera,Mexican drug lord ‘El Mayo’ sentenced to life in US prison,https://www.aljazeera.com/video/newsfeed/2026/7/21/mexican-drug-lord-el-mayo-sentenced-to-life-in-us-prison?traffic_source=rss
2026-07-21T12:48:37+00:00,world,BBC World,Dozens hurt in Bologna protests after man dies while being restrained by police,https://www.bbc.co.uk/news/articles/c86nwgw148xo?at_medium=RSS&at_campaign=rss
2026-07-21T12:34:05+00:00,world,Al Jazeera,"Iran war: Look beyond stocks to understand state of economy, experts say",https://www.aljazeera.com/economy/2026/7/21/iran-war-look-beyond-stocks-to-understand-state-of-economy-experts-say?traffic_source=rss
2026-07-21T12:33:15+00:00,world,BBC World,Row escalates in Ukraine over army chief's future,https://www.bbc.co.uk/news/articles/c7vgel8374yo?at_medium=RSS&at_campaign=rss
2026-07-21T12:26:56+00:00,world,NYT World,Houthis in Yemen Edge Closer to Entering U.S.-Iran War,https://www.nytimes.com/2026/07/21/world/middleeast/houthis-yemen-iran-war.html
2026-07-21T12:14:01+00:00,world,NYT World,Here’s the latest.,https://www.nytimes.com/live/2026/07/21/world/iran-war-strikes-trump-hormuz/heres-the-latest
2026-07-21T12:03:39+00:00,world,Al Jazeera,How a 64-team World Cup could transform football’s economics,https://www.aljazeera.com/sports/2026/7/21/how-a-64-team-world-cup-could-transform-footballs-economics?traffic_source=rss
2026-07-21T12:02:47+00:00,world,BBC World,Shock and anger after top Ghanaian politician sentenced to 20 years for illegal mining,https://www.bbc.co.uk/news/articles/cpvwnjllwvwo?at_medium=RSS&at_campaign=rss
2026-07-21T12:01:06+00:00,world,NYT World,"Burnham, UK’s New Prime Minister, Starts With Electricity Tax Cut",https://www.nytimes.com/2026/07/21/world/europe/uk-andy-burnham-electricity-tax-vat.html
2026-07-21T12:00:56+00:00,world,NPR World,India's youth-led Cockroach movement vows to continue protest after police crackdown,https://www.npr.org/2026/07/21/g-s1-134722/indias-youth-led-cockroach-movement-vows-to-continue-protest-after-police-crackdown
2026-07-21T11:51:37+00:00,world,Al Jazeera,India’s ‘cockroach’ protest movement halts marches after police violence,https://www.aljazeera.com/news/2026/7/21/indias-cockroach-protest-movement-halts-marches-after-police-violence?traffic_source=rss
2026-07-21T11:42:41+00:00,world,BBC World,Trump slaps 50% tariffs on Canada and Carney vows to 'intensify' trade talks,https://www.bbc.co.uk/news/articles/cg4dzq3x3e1o?at_medium=RSS&at_campaign=rss
2026-07-21T11:40:53+00:00,world,BBC World,Police officers arrested for allegedly seeking roadside bribe from Nigeria's anti-corruption boss,https://www.bbc.co.uk/news/articles/c9q97028ex5o?at_medium=RSS&at_campaign=rss
2026-07-21T11:32:47+00:00,world,Al Jazeera,Hunger is falling but is still higher than pre-COVID levels: UN report,https://www.aljazeera.com/news/2026/7/21/hunger-is-falling-but-is-still-higher-than-pre-covid-levels-un-report?traffic_source=rss
2026-07-21T11:24:05+00:00,world,Al Jazeera,Hamas’s new leader must bridge a movement divided over Iran,https://www.aljazeera.com/opinions/2026/7/21/hamass-new-leader-must-bridge-a-movement-divided-over-iran?traffic_source=rss
2026-07-21T11:21:47+00:00,world,BBC World,Watch: Flooded towns and evacuations as Chile hit by heavy rain,https://www.bbc.co.uk/news/videos/cy9wq8j2p7qo?at_medium=RSS&at_campaign=rss
2026-07-21T11:12:41+00:00,world,NPR World,"Iran-backed Houthis announce blockade. And, Cyclospora source remains unknown",https://www.npr.org/2026/07/21/g-s1-134720/up-first-newsletter-yemen-houthi-iran-war-pete-hegseth-pentagon-fda-cyclospora
2026-07-21T11:11:59+00:00,world,Al Jazeera,‘Won’t back down’: Indian student protesters return after police crackdown,https://www.aljazeera.com/news/2026/7/21/wont-back-down-indian-student-protesters-return-after-police-crackdown?traffic_source=rss
2026-07-21T11:10:02+00:00,world,Al Jazeera,Lebanese president set to meet Trump as Beirut seeks Israeli withdrawal,https://www.aljazeera.com/news/2026/7/21/lebanese-president-set-to-meet-trump-as-beirut-seeks-israeli-withdrawal?traffic_source=rss
2026-07-21T11:07:48+00:00,world,NYT World,Five of the Main Challenges Awaiting Andy Burnham When He Becomes Prime Minister,https://www.nytimes.com/2026/07/20/world/europe/britain-new-prime-minister-challenges.html
2026-07-21T11:01:44+00:00,world,NYT World,"In Venezuela’s Rubble, a Search for the Family Pets",https://www.nytimes.com/2026/07/20/world/americas/venezuela-earthquakes-volunteer-pets.html
2026-07-21T10:43:48+00:00,world,BBC World,Lebanese army says troops deploying in 'pilot zone' after Israeli withdrawal,https://www.bbc.co.uk/news/articles/cy8mynlmn55o?at_medium=RSS&at_campaign=rss
2026-07-21T10:35:13+00:00,world,NYT World,Lebanese Troops Deploy in Israeli-Held Village Under New Cease-Fire Plan,https://www.nytimes.com/2026/07/21/world/middleeast/lebanon-israel-ceasefire-plan.html
2026-07-21T10:30:00+00:00,world,Sky News (World),At least 10 dead in India tunnel disaster with 17 feared trapped,https://news.sky.com/story/at-least-10-dead-in-india-tunnel-disaster-with-17-feared-trapped-13565561
2026-07-21T10:28:16+00:00,world,Al Jazeera,Arizona’s primary elections: Which US races to watch and why they matter,https://www.aljazeera.com/news/2026/7/21/arizonas-primary-elections-which-us-races-to-watch-and-why-they-matter?traffic_source=rss
2026-07-21T10:27:31+00:00,world,Al Jazeera,Lebanon’s Joseph Aoun to meet Trump: What to expect,https://www.aljazeera.com/news/2026/7/21/lebanons-joseph-aoun-to-meet-trump-what-to-expect?traffic_source=rss
2026-07-21T10:25:33+00:00,world,NYT World,Philippines Says Sailor Was Injured in Skirmish With Chinese Coast Guard,https://www.nytimes.com/2026/07/21/world/asia/philippines-south-china-sea-sailor-injured.html
2026-07-21T10:25:18+00:00,world,Al Jazeera,FIFA World Cup 2026: Who had the most goals and assists at the tournament?,https://www.aljazeera.com/sports/2026/7/21/who-scored-the-most-goals-kept-clean-sheets-made-assists-fifa-world-cup-yellow-cards-saves?traffic_source=rss
2026-07-21T10:21:43+00:00,world,NPR World,"Amid U.S.-Iran war, Houthi rebels threaten to blockade another key strait",https://www.npr.org/2026/07/21/nx-s1-5901846/us-iran-updates
2026-07-21T10:21:08+00:00,world,Al Jazeera,Can AI systems make moral decisions in war?,https://www.aljazeera.com/news/2026/7/21/can-ai-systems-make-moral-decisions-in-war?traffic_source=rss
2026-07-21T10:20:22+00:00,world,Al Jazeera,"Andy Burnham to cut taxes on electricity bills, announces new UK cabinet",https://www.aljazeera.com/news/2026/7/21/andy-burnham-to-cut-taxes-on-electricity-bills-announces-new-uk-cabinet?traffic_source=rss
2026-07-21T10:19:06+00:00,world,Al Jazeera,Australian MP interrupts tough interview to yell at dog,https://www.aljazeera.com/video/newsfeed/2026/7/21/australian-mp-interrupts-tough-interview-to-yell-at-dog?traffic_source=rss
2026-07-21T10:16:00+00:00,world,Sky News (World),'One in 15 million chance' identical quadruplets born in Australia,https://news.sky.com/story/four-precious-miracles-identical-quadruplets-born-in-australia-in-a-one-in-15-million-chance-13565549
2026-07-21T10:12:33+00:00,world,NYT World,New UK Prime Minister Burnham Promises Hope and Change. The Hurdles Are High.,https://www.nytimes.com/2026/07/21/world/europe/andy-burnham-new-uk-prime-minister-policies.html
2026-07-21T10:06:06+00:00,world,NYT World,Increased Cooperation With U.S. Has Put Jordan in Iran’s Cross Hairs,https://www.nytimes.com/2026/07/19/world/middleeast/iran-war-jordan-us.html
2026-07-21T10:01:59+00:00,world,BBC World,Why are thousands protesting for education reform in India?,https://www.bbc.co.uk/news/articles/cedj9j911p8o?at_medium=RSS&at_campaign=rss
2026-07-21T09:52:56+00:00,world,Al Jazeera,Huge fire at Ukraine shopping centre after Russian drone strike,https://www.aljazeera.com/video/newsfeed/2026/7/21/huge-fire-at-ukraine-shopping-centre-after-russian-drone-strike?traffic_source=rss
2026-07-21T09:51:00+00:00,world,Sky News (World),Parents urged to stop buying e-scooters as 'toys' as Ireland brings in new age limit,https://news.sky.com/story/parents-urged-to-stop-buying-e-scooters-as-toys-as-ireland-brings-in-new-laws-13565537
2026-07-21T09:49:42+00:00,world,NYT World,Trump Administration and Iran Officials Risk a Wider War They Cannot Afford,https://www.nytimes.com/2026/07/20/world/middleeast/iran-united-states-escalation.html
2026-07-21T09:48:55+00:00,world,Al Jazeera,Argentina deny World Cup villains’ role after Samuel Jackson-led slants,https://www.aljazeera.com/sports/2026/7/21/argentina-grapple-with-world-cup-villainy-amid-samuel-l-jackson-led-slant?traffic_source=rss
2026-07-21T09:48:20+00:00,world,BBC World,"US launches fresh strikes on Iran, as Trump warns of retaliation for deaths of soldiers",https://www.bbc.co.uk/news/articles/cx25wg2x26do?at_medium=RSS&at_campaign=rss
2026-07-21T09:38:14+00:00,world,NYT World,Flash Floods Kill at Least 23 in Afghanistan,https://www.nytimes.com/2026/07/21/world/asia/afghanistan-floods-deaths-nuristan.html
2026-07-21T09:28:10+00:00,world,NYT World,"When Protesters Speak, Zelensky Listens, in the Ukrainian Tradition",https://www.nytimes.com/2026/07/21/world/europe/ukraine-zelensky-protests.html
2026-07-21T09:18:50+00:00,world,Al Jazeera,Philippine Foreign Secretary says ASEAN must work together,https://www.aljazeera.com/video/newsfeed/2026/7/21/philippine-foreign-secretary-says-asean-must-work-together-2?traffic_source=rss
2026-07-21T09:16:11+00:00,world,Al Jazeera,Philippine Foreign Secretary says ASEAN must work together,https://www.aljazeera.com/video/newsfeed/2026/7/21/philippine-foreign-secretary-says-asean-must-work-together?traffic_source=rss
2026-07-21T09:04:50+00:00,world,Al Jazeera,"Hormuz tankers on fire, as US, Iran continue attacks: What’s the latest?",https://www.aljazeera.com/news/2026/7/21/hormuz-tankers-on-fire-as-us-iran-continue-attacks-whats-the-latest?traffic_source=rss
2026-07-21T08:56:19+00:00,world,Al Jazeera,Mamdani says he takes Netanyahu’s ICC arrest warrant ‘seriously’,https://www.aljazeera.com/video/newsfeed/2026/7/21/mamdani-says-he-takes-netanyahus-icc-arrest-warrant?traffic_source=rss
2026-07-21T08:44:43+00:00,world,BBC World,India's 'cockroach' protest continues a day after police crackdown,https://www.bbc.co.uk/news/articles/c98v349r9lro?at_medium=RSS&at_campaign=rss
2026-07-21T08:00:43+00:00,world,NYT World,At Least 27 Dead in Guyana After Ferry Capsizes,https://www.nytimes.com/2026/07/20/world/americas/guyana-ferry-sinking-barima.html
2026-07-21T07:57:53+00:00,world,NYT World,Australian Woman Gives Birth to ‘Miracle’ Identical Quadruplets,https://www.nytimes.com/2026/07/21/world/australia/australia-identical-quadruplets-birth.html
2026-07-21T07:33:00+00:00,world,Sky News (World),"Father, mother, their three daughters and son killed in Israeli airstrike in Gaza",https://news.sky.com/story/family-of-six-killed-in-gaza-in-israeli-airstrike-13565495
2026-07-21T07:15:58+00:00,world,NYT World,Evacuees of Ontario’s Wildfires Wait and Worry,https://www.nytimes.com/2026/07/20/world/canada/ontario-wildfire-evacuations-thunder-bay.html
2026-07-21T07:09:22+00:00,world,NPR World,Spain's World Cup champions return home for parade in front of almost 2 million,https://www.npr.org/2026/07/21/nx-s1-5901832/spain-world-cup-champions-return-home
2026-07-21T07:00:00+00:00,world,Sky News (World),Anti-police protests in Italy after Moroccan man dies during arrest,https://news.sky.com/story/anti-police-protests-erupt-in-bologna-after-moroccan-man-dies-during-arrest-13565485
2026-07-21T06:37:00+00:00,world,Sky News (World),Rare Titanic letter written days before sinking to go on sale,https://news.sky.com/story/rare-titanic-letter-written-days-before-sinking-to-go-on-sale-13565481
2026-07-21T06:24:45+00:00,world,NYT World,Suspected Iranian strikes have targeted the U.S. military in at least 4 countries.,https://www.nytimes.com/live/2026/07/20/world/iran-war-strikes-trump-hormuz/suspected-iranian-strikes-have-targeted-us-military-in-at-least-four-countries
2026-07-21T05:28:53+00:00,world,NPR World,Powerball ticket sales begin Tuesday in the United Kingdom,https://www.npr.org/2026/07/21/nx-s1-5901828/powerball-begin-united-kingdom
2026-07-21T05:10:00+00:00,world,Sky News (World),"Live-fire weapons exercise by Russian warship off UK coast 'performative and irresponsible', Wes Streeting says",https://news.sky.com/story/russian-warship-carries-out-live-fire-weapons-exercise-46-miles-off-uk-coast-mod-says-13561289
2026-07-21T03:04:39+00:00,world,NYT World,Here’s the latest.,https://www.nytimes.com/live/2026/07/20/world/iran-war-strikes-trump-hormuz/heres-the-latest
2026-07-21T02:28:31+00:00,world,NYT World,Inside the Deadly U.S. Airstrike on a Shadow Fleet Tanker,https://www.nytimes.com/2026/07/20/world/middleeast/inside-the-deadly-us-airstrike-on-a-shadow-fleet-tanker.html
2026-07-21T02:20:10+00:00,world,NYT World,Houthis in Yemen Declare Red Sea Blockade on Saudi Arabia,https://www.nytimes.com/2026/07/20/world/middleeast/yemen-houthis-saudi-arabia-red-sea-blockade.html
2026-07-21T02:16:05+00:00,world,BBC World,"'Anti-ICE' army veteran started fire outside Manhattan federal building, say officials",https://www.bbc.co.uk/news/articles/c1m1rr90dzxo?at_medium=RSS&at_campaign=rss
2026-07-21T02:07:48+00:00,world,BBC World,At least 27 dead and 83 missing after passenger ferry capsizes off Guyana,https://www.bbc.co.uk/news/articles/cm2gm99nrm7o?at_medium=RSS&at_campaign=rss
2026-07-21T00:49:04+00:00,world,NYT World,"Daniel Ortega, President of Nicaragua, Says He Plans to Abolish Elections",https://www.nytimes.com/2026/07/20/world/americas/nicaragua-ortega-abolish-elections.html
2026-07-20T23:57:06+00:00,world,NYT World,Police in India Use Tear Gas and Batons on Crowds Protesting Exam Scandal,https://www.nytimes.com/2026/07/20/world/asia/india-protest-cjp-cockroach-jantar-mantar.html
2026-07-20T22:06:47+00:00,world,NYT World,Trump Says Netanyahu Will Not Be Arrested in the U.S.,https://www.nytimes.com/2026/07/20/world/middleeast/israel-un-mamdani-netanyahu-arrest.html
2026-07-20T22:04:15+00:00,world,NYT World,U.K. Prosecutors File Murder Charge in Ann Widdecombe Death,https://www.nytimes.com/2026/07/20/world/europe/uk-ann-widdecombe-murder.html
2026-07-20T22:03:00+00:00,world,Sky News (World),Why last two years are worrying for future of Arctic,https://news.sky.com/story/why-last-two-years-are-worrying-for-future-of-arctic-13565448
2026-07-20T22:00:05+00:00,world,NYT World,Pope Leo Calls for Nuclear Disarmament in Latest Antiwar Message,https://www.nytimes.com/2026/07/20/world/europe/pope-leo-nuclear-disarmament-anti-war-message.html
2026-07-20T21:32:00+00:00,world,Sky News (World),Trump slaps more tariffs on Canada over 'discrimination',https://news.sky.com/story/trump-administration-imposes-50-tariffs-on-canadian-goods-over-continued-discrimination-13565443
2026-07-20T21:30:19+00:00,world,BBC World,Yemen's Houthis announce 'maritime embargo' on Saudi Arabia,https://www.bbc.co.uk/news/articles/cm2gmddx1ldo?at_medium=RSS&at_campaign=rss
2026-07-20T21:03:24+00:00,world,BBC World,Notorious drug cartel leader Ismael Zambada sentenced to life in US prison,https://www.bbc.co.uk/news/articles/ce3q1d1ed5do?at_medium=RSS&at_campaign=rss
2026-07-20T20:55:53+00:00,world,NPR World,The war in Iran has left hundreds of U.S. diplomats in limbo,https://www.npr.org/2026/07/20/nx-s1-5896220/the-war-in-iran-has-left-hundreds-of-u-s-diplomats-in-limbo
2026-07-20T20:36:27+00:00,world,NYT World,Rubio Says That U.S. Is Still Open to Diplomacy With Iran,https://www.nytimes.com/2026/07/20/world/middleeast/rubio-us-iran-war-diplomacy.html
2026-07-20T19:56:49+00:00,world,NPR World,The war with Iran is escalating. What next?,https://www.npr.org/2026/07/20/nx-s1-5900950/the-war-with-iran-is-escalating-what-next
2026-07-20T19:54:21+00:00,world,NYT World,"In Gaza, Spain’s Win Brings a Moment of Joy and Distraction",https://www.nytimes.com/2026/07/20/world/world-cup-spain-gaza-watch-parties.html
2026-07-20T19:48:13+00:00,world,BBC World,Paramount and Warner Bros mega merger paused by judge,https://www.bbc.co.uk/news/articles/c5ywxy41vg6o?at_medium=RSS&at_campaign=rss
2026-07-20T19:35:10+00:00,world,NYT World,Inside Andy Burnham’s 1st Day as U.K. Prime Minister,https://www.nytimes.com/2026/07/20/world/europe/andy-burnham-uk.html
2026-07-20T19:24:33+00:00,world,NYT World,Spain Celebrates Both a Soccer Win and a Sense of Wider Success,https://www.nytimes.com/2026/07/20/world/europe/spain-victory-world-cup.html
2026-07-20T19:22:57+00:00,world,NYT World,North Sea Drilling Offers First Test for Burnham’s Relationship With Trump,https://www.nytimes.com/2026/07/20/world/europe/burnham-trump-uk-us-relationship-north-sea-oil.html
2026-07-20T19:05:50+00:00,world,BBC World,Tate brothers appear in US court for extradition proceedings,https://www.bbc.co.uk/news/articles/c6294y87wk6o?at_medium=RSS&at_campaign=rss
2026-07-20T18:55:43+00:00,world,NYT World,Zelensky Faces Pressure to Remove Ukraine’s Top General,https://www.nytimes.com/2026/07/20/world/europe/ukraine-zelensky-general-defense-minister.html
2026-07-20T18:06:40+00:00,world,NYT World,Here’s the latest.,https://www.nytimes.com/live/2026/07/20/world/uk-prime-minister-burnham-starmer/heres-the-latest
2026-07-20T17:40:40+00:00,world,NYT World,Outcry in Italy After Man Dies While Being Restrained by Police,https://www.nytimes.com/2026/07/20/world/europe/moroccan-italy-police-death-george-floyd.html
2026-07-20T17:22:44+00:00,world,NYT World,Hamas Names Khalil al-Hayya as Its New Leader,https://www.nytimes.com/2026/07/20/world/middleeast/gaza-talks-khalil-al-hayya-leader.html
2026-07-20T17:16:20+00:00,world,BBC World,‘All I think about is her’: Families demand answers as Nigeria's boat disasters keep happening,https://www.bbc.co.uk/news/articles/c309vzn676go?at_medium=RSS&at_campaign=rss
2026-07-20T17:01:57+00:00,world,NYT World,"Aiming for My Fastest Marathon, I Turned to Distance Running’s Mecca",https://www.nytimes.com/2026/07/20/world/africa/kenya-iten-marathon-training.html
2026-07-20T16:36:04+00:00,world,NPR World,India's Gen Z 'Cockroach People's Party' started as satire but is serious about change,https://www.npr.org/2026/07/20/nx-s1-5889515/india-gen-z-cockroach-party-protests
2026-07-20T16:10:38+00:00,world,BBC World,Ten killed as Russian attacks on merchant ships in Black Sea intensify,https://www.bbc.co.uk/news/articles/c4gvpv3ewv2o?at_medium=RSS&at_campaign=rss
2026-07-20T14:27:51+00:00,world,NYT World,Did This World Cup Change Soccer Forever?,https://www.nytimes.com/2026/07/19/world/europe/fifa-world-cup-final.html
2026-07-20T14:02:31+00:00,world,BBC World,Hamas names Khalil al-Hayya as new overall leader,https://www.bbc.co.uk/news/articles/cx25nzkyj50o?at_medium=RSS&at_campaign=rss
2026-07-20T13:39:59+00:00,world,NYT World,A Conversation with Zohran Mamdani,https://www.nytimes.com/2026/07/19/world/zohran-mamdani-interview-world-cup-final.html
2026-07-20T13:37:51+00:00,world,NYT World,Ukraine War Momentum Helps Spur Interest in Postwar Investment,https://www.nytimes.com/2026/07/20/world/europe/ukraine-post-war-reconstruction.html
2026-07-20T13:18:51+00:00,world,NPR World,Putin meets North Korean foreign minister in diplomatic push,https://www.npr.org/2026/07/20/g-s1-134555/putin-meets-north-korean-foreign-minister-in-diplomatic-push
2026-07-20T13:13:29+00:00,world,BBC World,Lamine Yamal celebrates World Cup win with little brother who charmed fans,https://www.bbc.co.uk/news/articles/c89nvnklkpdo?at_medium=RSS&at_campaign=rss
2026-07-20T13:11:44+00:00,world,NYT World,Iran shipped billions in oil during the cease-fire.,https://www.nytimes.com/live/2026/07/20/world/iran-war-strikes-trump-hormuz/iran-shipped-billions-in-oil-during-its-cease-fire-with-the-us
2026-07-20T13:07:52+00:00,world,NYT World,What Happens Behind the Scenes Once Burnham Enters 10 Downing Street,https://www.nytimes.com/2026/07/20/world/europe/behind-the-scenes-downing-street.html
2026-07-20T12:57:32+00:00,world,BBC World,Rare identical quadruplets born in Australia,https://www.bbc.co.uk/news/articles/cx2jnj3428lo?at_medium=RSS&at_campaign=rss
2026-07-20T12:13:58+00:00,world,BBC World,Utah firefighter and four family members killed in flash flooding,https://www.bbc.co.uk/news/articles/c9d8l88jnwvo?at_medium=RSS&at_campaign=rss
2026-07-20T11:40:28+00:00,world,NPR World,"3 U.S. personnel killed in Iran conflict. And, Hunter Biden opens up to NPR",https://www.npr.org/2026/07/20/g-s1-134553/up-first-newsletter-iran-us-service-members-hunter-biden
2026-07-20T11:28:30+00:00,world,BBC World,JD Vance says wife Usha and son 'happy and healthy' after birth of fourth child,https://www.bbc.co.uk/news/articles/cj63kngxpxpo?at_medium=RSS&at_campaign=rss
2026-07-20T10:44:02+00:00,world,NYT World,Burnham Set to Become Britain’s First Openly Roman Catholic Prime Minister,https://www.nytimes.com/2026/07/20/world/europe/burnham-openly-roman-catholic-prime-minister.html
2026-07-20T10:02:44+00:00,world,BBC World,"Boy, 13, dies during World Cup celebrations in Spain",https://www.bbc.co.uk/news/articles/c0qvdy0jv05o?at_medium=RSS&at_campaign=rss
2026-07-20T09:24:09+00:00,world,NYT World,Earthquake in Peru Kills 6 and Displaces Hundreds,https://www.nytimes.com/2026/07/19/world/americas/peru-earthquake.html
2026-07-20T08:41:22+00:00,world,BBC World,From hundreds to thousands: How India's 'cockroach' protest movement has grown,https://www.bbc.co.uk/news/videos/c0qvdywj97ko?at_medium=RSS&at_campaign=rss
2026-07-20T08:21:09+00:00,world,BBC World,Why are Ukraine's military recruiters facing violence in their own country?,https://www.bbc.co.uk/news/videos/c0kmjy02rxko?at_medium=RSS&at_campaign=rss
2026-07-20T07:31:00+00:00,world,Sky News (World),Ebola outbreak fastest growing epidemic on record as deaths rise again,https://news.sky.com/story/ebola-deaths-in-dr-congo-rise-to-930-amid-attacks-on-health-workers-13565139
2026-07-20T02:58:02+00:00,world,NYT World,Here’s the latest.,https://www.nytimes.com/live/2026/07/19/world/iran-war-strikes-trump-hormuz/heres-the-latest
2026-07-20T02:42:47+00:00,world,NYT World,Israel watches tensely as the U.S.-Iran fighting escalates.,https://www.nytimes.com/live/2026/07/19/world/iran-war-strikes-trump-hormuz/israel-watches-tensely-as-the-fighting-between-us-and-iran-escalates
2026-07-20T00:37:49+00:00,world,NYT World,Tears in Argentina for Lionel Messi’s ‘Last Tango’,https://www.nytimes.com/2026/07/19/world/americas/messi-argentina-buenos-aires-last-tango.html
2026-07-20T00:19:12+00:00,world,BBC World,‘Everyone's afraid to die’: Struggle to recruit soldiers in Ukraine turns violent,https://www.bbc.co.uk/news/articles/cr7k5ngde3vo?at_medium=RSS&at_campaign=rss
2026-07-19T23:18:03+00:00,world,BBC World,This farmer wanted to quit the cocaine industry - he couldn't,https://www.bbc.co.uk/news/articles/c0kyml1zxz4o?at_medium=RSS&at_campaign=rss
2026-07-19T22:16:39+00:00,world,BBC World,"Shakira, Madonna, Justin Bieber and BTS perform at colourful World Cup half-time show",https://www.bbc.co.uk/news/articles/clyxjl0wkl7o?at_medium=RSS&at_campaign=rss
2026-07-19T18:26:41+00:00,world,NYT World,Russia Batters Kyiv in One of the Largest Missile Assaults of the War,https://www.nytimes.com/2026/07/19/world/europe/russia-ukraine-strikes.html
2026-07-19T18:11:18+00:00,world,NYT World,The U.S. Braced For the World Cup. It Fell in Love Instead.,https://www.nytimes.com/2026/07/19/world/europe/us-world-cup-trump-boston-kansas.html
2026-07-19T16:50:55+00:00,world,NYT World,"The U.S. Is Sending More Warplanes to the Middle East, Officials Say",https://www.nytimes.com/2026/07/19/world/middleeast/us-warplanes-mideast-iran.html
2026-07-19T09:01:42+00:00,world,NYT World,"Argentines, Already ‘Losing Their Minds,’ Brace for World Cup Final",https://www.nytimes.com/2026/07/19/world/americas/argentines-already-losing-their-minds-brace-for-world-cup-final.html
2026-07-19T08:37:19+00:00,world,NYT World,A Modest Proposal for the Strait Dispute: A Shared Pact Among Gulf States,https://www.nytimes.com/2026/07/19/world/middleeast/strait-hormuz-iran.html
2026-07-18T23:59:26+00:00,world,BBC World,"Russians turn to cash, putting more strain on slowing wartime economy",https://www.bbc.co.uk/news/articles/cglj255jk8ko?at_medium=RSS&at_campaign=rss
2026-07-18T23:44:04+00:00,world,BBC World,Private jets flock to Montana - but locals can't afford the trailer park,https://www.bbc.co.uk/news/articles/ckg92d8d40yo?at_medium=RSS&at_campaign=rss
2026-07-18T05:10:44+00:00,world,BBC World,"Control, threats, disfiguring surgery: My life inside Jeffrey Epstein's 'cult'",https://www.bbc.co.uk/news/articles/czek5wl6p2go?at_medium=RSS&at_campaign=rss
2026-07-17T23:56:08+00:00,world,BBC World,What this desert city can teach the world about tackling heat deaths,https://www.bbc.co.uk/news/articles/cgl3lnpxy6no?at_medium=RSS&at_campaign=rss
2026-07-21T14:15:00+00:00,sports,Sky Sports,The Hundred LIVE! MI London vs SunRisers Leeds gets 2026 season under way,https://www.skysports.com/cricket/live-blog/12040/13565500/the-hundred-mi-london-vs-sunrisers-leeds-live-text-updates-and-free-streams-from-opening-day-of-2026-season-at-the-oval
2026-07-21T14:04:16+00:00,sports,Yahoo Sports,Detroit Lions Training Camp Medical Injury Preview: Starting LB's,https://sports.yahoo.com/articles/detroit-lions-training-camp-medical-140416208.html
2026-07-21T14:02:13+00:00,sports,Yahoo Sports,Will Stein confident on Kentucky football rebuild: 'I know what it takes',https://sports.yahoo.com/articles/stein-confident-kentucky-football-rebuild-140213028.html
2026-07-21T14:02:10+00:00,sports,Yahoo Sports,Yankees battling 5 MLB teams for Mason Miller trade,https://sports.yahoo.com/articles/yankees-battling-5-mlb-teams-140210153.html
2026-07-21T14:02:10+00:00,sports,Yahoo Sports,"Get to know the Indiana basketball roster: X-factor, most important player, key freshmen",https://sports.yahoo.com/articles/know-indiana-basketball-roster-x-140210958.html
2026-07-21T14:02:04+00:00,sports,CBS Sports,Grading the progress of all 32 five-star prospects from the 2023 college football recruiting class,https://www.cbssports.com/college-football/news/five-star-prospects-2023-college-football-recruiting-class/
2026-07-21T14:01:09+00:00,sports,Yahoo Sports,Tickets for 2nd open practice at Bills' Highmark Stadium now available,https://sports.yahoo.com/articles/tickets-2nd-open-practice-bills-140109160.html
2026-07-21T14:01:00+00:00,sports,Yahoo Sports,Wolfsburg and Stuttgart far apart in Pejčinović valuation,https://sports.yahoo.com/articles/wolfsburg-stuttgart-far-apart-pej-140100448.html
2026-07-21T14:00:58+00:00,sports,Yahoo Sports,Bengals training camp sleepers to watch at every position on offense,https://sports.yahoo.com/articles/bengals-training-camp-sleepers-watch-140058918.html
2026-07-21T14:00:51+00:00,sports,Yahoo Sports,Where Lakers' roster stands after addition of Matisse Thybulle,https://sports.yahoo.com/articles/where-lakers-roster-stands-addition-140051571.html
2026-07-21T14:00:40+00:00,sports,Yahoo Sports,Competitor disqualified from U.S. Junior Amateur for using green-reading materials,https://sports.yahoo.com/articles/competitor-disqualified-u-junior-amateur-140040448.html
2026-07-21T14:00:24+00:00,sports,Yahoo Sports,Former Florida Gators golfer leading bid to buy Gainesville golf course,https://sports.yahoo.com/articles/former-florida-gators-golfer-leading-140024530.html
2026-07-21T14:00:00+00:00,sports,Sky Sports,Celtic and Rangers charged by SFA over trouble after Scottish Cup game at Ibrox,https://www.skysports.com/football/news/12040/13565627/old-firm-pitch-invasion-rangers-and-celtic-charged-by-scottish-fa-over-trouble-after-scottish-cup-game-at-ibrox
2026-07-21T14:00:00+00:00,sports,Yahoo Sports,Barcelona transfer news: Club’s stance on new centre-back amid links to World Cup hero,https://sports.yahoo.com/articles/barcelona-transfer-news-club-stance-140000885.html
2026-07-21T13:59:42+00:00,sports,Yahoo Sports,2026 Arizona Cardinals training camp preview podcast,https://sports.yahoo.com/articles/2026-arizona-cardinals-training-camp-135942299.html
2026-07-21T13:58:52+00:00,sports,Yahoo Sports,Oklahoma City Thunder GM Sam Presti Makes Concerning Comments About Salary-Dump Trades,https://sports.yahoo.com/articles/oklahoma-city-thunder-gm-sam-135852059.html
2026-07-21T13:58:35+00:00,sports,CBS Sports,"Dodgers vs. Phillies odds, prediction, time: 2026 MLB picks for Tuesday, July 21 by proven model",https://www.cbssports.com/betting/news/dodgers-phillies-odds-prediction-time-2026-mlb-picks-for-tuesday-july-21/
2026-07-21T13:57:41+00:00,sports,Yahoo Sports,The US should never host another tournament after World Cup debacle,https://sports.yahoo.com/articles/us-never-host-another-tournament-060345305.html
2026-07-21T13:57:07+00:00,sports,Yahoo Sports,Yankees Should Give Triple-A Catcher Another Shot In Big Leagues,https://sports.yahoo.com/articles/yankees-triple-catcher-another-shot-135707446.html
2026-07-21T13:57:00+00:00,sports,CBS Sports,"MLB rumors: Which way the Tigers are leaning on a Tarik Skubal trade, off-limits Yankees, more",https://www.cbssports.com/mlb/news/mlb-rumors-trade-deadline-tigers-tarik-skubal-yankees-twins-ryan-jeffers/
2026-07-21T13:56:51+00:00,sports,Yahoo Sports,Tranmere sign Lincoln's Okoro and midfielder Davies,https://sports.yahoo.com/articles/tranmere-sign-lincoln-winger-okoro-130148776.html
2026-07-21T13:56:38+00:00,sports,Yahoo Sports,"SEC breaking away from NCAA ‘very real’, but also very foolish",https://sports.yahoo.com/articles/sec-breaking-away-ncaa-very-135638710.html
2026-07-21T13:56:27+00:00,sports,Yahoo Sports,Meet the Team NI lawn bowls squad,https://sports.yahoo.com/articles/meet-team-ni-lawn-bowls-133458532.html
2026-07-21T13:55:37+00:00,sports,Yahoo Sports,Australia striker McNamara joins Everton,https://sports.yahoo.com/articles/australia-striker-mcnamara-joins-everton-135537439.html
2026-07-21T13:55:35+00:00,sports,Yahoo Sports,Giants' Kayvon Thibodeaux named a player with most to prove in 2026,https://sports.yahoo.com/articles/giants-kayvon-thibodeaux-named-player-135535131.html
2026-07-21T13:55:28+00:00,sports,Yahoo Sports,Jets to have training camp competition to fix embarrassing issue for Aaron Glenn,https://sports.yahoo.com/articles/jets-training-camp-competition-fix-135528492.html
2026-07-21T13:55:28+00:00,sports,Yahoo Sports,Ranking the top 10 QB's in the NFC heading into the 2026 season,https://sports.yahoo.com/articles/ranking-top-10-qbs-nfc-135528023.html
2026-07-21T13:55:25+00:00,sports,Yahoo Sports,"Tigers' Tarik Skubal trade sweepstakes is down to Dodgers, 5 other teams",https://sports.yahoo.com/articles/tigers-tarik-skubal-trade-sweepstakes-135525757.html
2026-07-21T13:55:00+00:00,sports,Yahoo Sports,Liverpool star’s agent shuts down Real Madrid transfer rumours,https://sports.yahoo.com/articles/liverpool-star-agent-shuts-down-135500359.html
2026-07-21T13:55:00+00:00,sports,Yahoo Sports,Rays draft tracker and signing board,https://sports.yahoo.com/articles/rays-draft-tracker-signing-board-123007015.html
2026-07-21T13:54:46+00:00,sports,Yahoo Sports,"What channel is Phillies vs. Dodgers on Tuesday? How to watch, stream",https://sports.yahoo.com/articles/channel-phillies-vs-dodgers-tuesday-135446001.html
2026-07-21T13:54:14+00:00,sports,Yahoo Sports,Caitlin Clark makes striking Sophie Cunningham admission amid Fever star’s meteoric rise,https://sports.yahoo.com/articles/caitlin-clark-makes-striking-sophie-135414631.html
2026-07-21T13:54:01+00:00,sports,Yahoo Sports,Ryan Fox and supporting cast keep this British Open from being remembered for the wrong reasons,https://sports.yahoo.com/articles/ryan-fox-supporting-cast-keep-135401455.html
2026-07-21T13:53:59+00:00,sports,Yahoo Sports,Jets defense is betting on the perfect blend of youth and experience,https://sports.yahoo.com/articles/jets-defense-betting-perfect-blend-135359363.html
2026-07-21T13:53:37+00:00,sports,Yahoo Sports,Hull considering move for Norwich's Fisher,https://sports.yahoo.com/articles/hull-considering-move-norwichs-fisher-135337665.html
2026-07-21T13:53:23+00:00,sports,Yahoo Sports,49ers' secondary faces a real reckoning at camp as stribling quietly builds ROY buzz,https://sports.yahoo.com/articles/49ers-secondary-faces-real-reckoning-135323687.html
2026-07-21T13:53:00+00:00,sports,Yahoo Sports,"Ryan Clark layoff influenced by argument with Peter Schrager, per report",https://sports.yahoo.com/articles/ryan-clark-layoff-influenced-argument-135300472.html
2026-07-21T13:52:33+00:00,sports,CBS Sports,"MLB predictions, odds, picks for Tuesday, July 21: This 3-way parlay returns over +800",https://www.cbssports.com/betting/news/mlb-predictions-odds-picks-parlay-for-tuesday-july-21-2026/
2026-07-21T13:52:24+00:00,sports,CBS Sports,"Use BetMGM bonus code CBSSPORTS to get $1,500 in bonus bets for Dodgers vs. Phillies, MLB betting on Tuesday",https://www.cbssports.com/betting/news/use-betmgm-bonus-code-cbssports-to-get-1500-bonus-bets-dodgers-phillies-mlb-betting-tuesday/
2026-07-21T13:52:02+00:00,sports,Yahoo Sports,"Former Louisville football star, Super Bowl champ faces arson charges",https://sports.yahoo.com/articles/former-louisville-football-star-super-135202905.html
2026-07-21T13:51:42+00:00,sports,Yahoo Sports,Georgia football center Drew Bobo eyes season return after foot injury,https://sports.yahoo.com/articles/georgia-football-center-drew-bobo-135142092.html
2026-07-21T13:51:36+00:00,sports,Yahoo Sports,NFL training camp: How healthy are the Arizona Cardinals?,https://sports.yahoo.com/articles/nfl-training-camp-healthy-arizona-135136835.html
2026-07-21T13:51:21+00:00,sports,Yahoo Sports,Notre Dame continues to be a betting favorite for the 2026 season,https://sports.yahoo.com/articles/notre-dame-continues-betting-favorite-135121501.html
2026-07-21T13:51:00+00:00,sports,Yahoo Sports,Scottish FA publishes independent review into Scottish Cup tie at Ibrox,https://sports.yahoo.com/articles/scottish-fa-publishes-independent-review-135100998.html
2026-07-21T13:50:53+00:00,sports,Yahoo Sports,"Rogers, Barcola and 10 huge Premier League transfers that could happen after World Cup",https://sports.yahoo.com/articles/rogers-barcola-10-huge-premier-135053727.html
2026-07-21T13:50:44+00:00,sports,Yahoo Sports,Who has your Premiership club brought in & let go this summer?,https://sports.yahoo.com/articles/premiership-club-brought-let-summer-051927023.html
2026-07-21T13:50:44+00:00,sports,Yahoo Sports,Who has your Scottish League 2 club brought in & let go? - Summer 2026,https://sports.yahoo.com/articles/scottish-league-2-club-brought-155542429.html
2026-07-21T13:50:20+00:00,sports,Yahoo Sports,College football insider views Nico Iamaleava as a potential breakout,https://sports.yahoo.com/articles/college-football-insider-views-nico-135020403.html
2026-07-21T13:50:00+00:00,sports,Yahoo Sports,Mario Cortegana reveals Real Madrid stance on Michael Olise transfer,https://sports.yahoo.com/articles/mario-cortegana-reveals-real-madrid-135000560.html
2026-07-21T13:50:00+00:00,sports,Yahoo Sports,Report: Aston Villa ready to push hard to sign World Cup wonderkid,https://sports.yahoo.com/articles/report-aston-villa-ready-push-135000791.html
2026-07-21T13:50:00+00:00,sports,Yahoo Sports,Chargers Daily Links: T-minus 50 days to 2026 regular season kickoff,https://sports.yahoo.com/articles/chargers-daily-links-t-minus-135000776.html
2026-07-21T13:50:00+00:00,sports,Yahoo Sports,Banda warning of disciplinary action after missing Lecce training,https://sports.yahoo.com/articles/banda-warning-disciplinary-action-missing-135000966.html
2026-07-21T13:49:36+00:00,sports,The Guardian (Sport),Tour de France 2026: punishing stage 16 time trial on the shores of Lake Geneva – live,https://www.theguardian.com/sport/live/2026/jul/21/tour-de-france-2026-punishing-stage-16-time-trial-on-the-shores-of-lake-geneva-live
2026-07-21T13:49:31+00:00,sports,Yahoo Sports,Top high school baseball players from area chosen for all-star event,https://sports.yahoo.com/articles/top-high-school-baseball-players-134931753.html
2026-07-21T13:49:19+00:00,sports,Yahoo Sports,Man Utd publish JJ Gabriel training pic before Norway trip,https://sports.yahoo.com/articles/man-utd-publish-jj-gabriel-134919540.html
2026-07-21T13:49:09+00:00,sports,Yahoo Sports,"Marcum helped lead MU softball to 103-62 record, earning head coach role",https://sports.yahoo.com/articles/marcum-helped-lead-mu-softball-134909882.html
2026-07-21T13:48:32+00:00,sports,Yahoo Sports,Celtic & Rangers cited after unrest 'near miss' at Ibrox,https://sports.yahoo.com/articles/celtic-rangers-cited-unrest-near-134832719.html
2026-07-21T13:48:30+00:00,sports,Yahoo Sports,Lunin misses Real Madrid’s training session with muscle fatigue,https://sports.yahoo.com/articles/lunin-misses-real-madrid-training-134830808.html
2026-07-21T13:48:27+00:00,sports,BBC Sport,Celtic & Rangers cited after unrest 'near miss' at Ibrox,https://www.bbc.co.uk/sport/football/articles/c5y6dk79g08o?at_medium=RSS&at_campaign=rss
2026-07-21T13:47:38+00:00,sports,CBS Sports,"NFL's most overrated and underrated quarterbacks entering 2026: Caleb Williams, Dak Prescott headline list",https://www.cbssports.com/nfl/news/nfl-overrated-underrated-quarterbacks-2026-caleb-williams-dak-prescott/
2026-07-21T13:45:16+00:00,sports,CBS Sports,NBA offseason grades for every West team: Clippers have had the best summer... for now,https://www.cbssports.com/nba/news/nba-offseason-grades-western-conference-2026/
2026-07-21T13:43:40+00:00,sports,CBS Sports,"Asian Tour joins new partnership with PGA Tour, DP World Tour that begins immediately",https://www.cbssports.com/golf/news/pga-tour-dp-world-tour-and-asian-tour-partnership-liv-golf/
2026-07-21T13:41:54+00:00,sports,BBC Sport,Progress or standing still - where are England under Borthwick?,https://www.bbc.co.uk/sport/rugby-union/articles/crr8r25yv7vo?at_medium=RSS&at_campaign=rss
2026-07-21T13:41:54+00:00,sports,BBC Sport,Progress or standing still - where are England under Borthwick?,https://www.bbc.co.uk/sport/rugby-union/articles/crr8r25yv7vo?at_medium=RSS&at_campaign=rss
2026-07-21T13:24:45+00:00,sports,BBC Sport,What could Burnham as PM mean for sport?,https://www.bbc.co.uk/sport/olympics/articles/c80nvp5d1mno?at_medium=RSS&at_campaign=rss
2026-07-21T13:21:54+00:00,sports,BBC Sport,Ferguson says Keegan built Newcastle's greatest team,https://www.bbc.co.uk/sport/football/articles/cpd7nzxzdjqo?at_medium=RSS&at_campaign=rss
2026-07-21T13:19:17+00:00,sports,BBC Sport,Fernandez defends Argentina as Messi questions remain,https://www.bbc.co.uk/sport/football/articles/c8jn91e9mdyo?at_medium=RSS&at_campaign=rss
2026-07-21T13:15:16+00:00,sports,CBS Sports,"College football win totals: Does the magic end for defending national champion Indiana, coach Curt Cignetti?",https://www.cbssports.com/betting/news/college-football-win-totals-does-the-magic-end-for-defending-national-champion-indiana-coach-curt-cignetti/
2026-07-21T13:11:02+00:00,sports,CBS Sports,"2026 SEC Media Days schedule, where to watch: When coaches, teams take stage during four-day kickoff event",https://www.cbssports.com/college-football/news/2026-sec-media-days-schedule-where-to-watch/
2026-07-21T13:06:57+00:00,sports,CBS Sports,Athletics vs. Diamondbacks Tuesday MLB pick: Sliding A's haven't won back-to-back games in weeks,https://www.cbssports.com/betting/news/athletics-vs-diamondbacks-tuesday-mlb-pick-sliding-as-havent-won-back-to-back-games-in-weeks/
2026-07-21T13:06:29+00:00,sports,CBS Sports,Josh Heupel expects quick impact from Jim Knowles as Tennessee DC; past stops tell a different story,https://www.cbssports.com/college-football/news/josh-heupel-jim-knowles-tennessee-dc-quick-impact/
2026-07-21T13:01:20+00:00,sports,BBC Sport,Keeper Martinez may 'step aside' from Argentina,https://www.bbc.co.uk/sport/football/articles/c62xzle86n4o?at_medium=RSS&at_campaign=rss
2026-07-21T13:00:27+00:00,sports,CBS Sports,"MLB trade deadline landing spots: Predicting new teams for Tarik Skubal, Freddy Peralta, Luis Arraez, more",https://www.cbssports.com/mlb/news/mlb-trade-deadline-landing-spots-tarik-skubal-freddy-peralta-taylor-ward-luis-arraez-aroldis-chapman/
2026-07-21T13:00:00+00:00,sports,Sky Sports,Hamilton tells himself to 'step it up' after Spa setbacks,https://www.skysports.com/f1/news/12040/13565586/lewis-hamilton-ferrari-driver-tells-himself-to-step-it-up-at-hungarian-gp-after-compromised-spa-francorchamps-weekend
2026-07-21T12:54:47+00:00,sports,CBS Sports,MLB trade deadline buyers and sellers guide; handing out NBA offseason grades,https://www.cbssports.com/mlb/news/mlb-trade-deadline-buyers-sellers-nba-offseason-grades/
2026-07-21T12:51:43+00:00,sports,CBS Sports,Aaron Rodgers reunites with family after decade-long estrangement: Inside the feud and how they reconciled,https://www.cbssports.com/nfl/news/aaron-rodgers-family-feud-reunion-estrangement/
2026-07-21T12:50:40+00:00,sports,BBC Sport,Bethell ruled out of The Hundred with knee injury,https://www.bbc.co.uk/sport/cricket/articles/c8jn9p49n99o?at_medium=RSS&at_campaign=rss
2026-07-21T12:45:00+00:00,sports,Sky Sports,'Biggest moment of my career' - Emotional Menzies reflects on Humphries win,https://www.skysports.com/darts/news/12040/13565545/world-matchplay-darts-cameron-menzies-dubs-luke-humphries-win-biggest-moment-of-career-eight-months-after-hand-surgery
2026-07-21T12:44:40+00:00,sports,The Guardian (Sport),La Liga chief claims Fifa is ‘destroying football industry’ and calls for Infantino to quit,https://www.theguardian.com/football/2026/jul/21/la-liga-chief-javier-tebas-claims-fifa-is-destroying-football-industry-and-calls-for-gianni-infantino-to-quit
2026-07-21T12:44:38+00:00,sports,CBS Sports,"MLB trade deadline buyers, sellers guide | Handing out NBA offseason grades",https://www.cbssports.com/
2026-07-21T12:41:13+00:00,sports,The Guardian (Sport),‘The utmost respect for him’: Alex Ferguson pays tribute to Kevin Keegan,https://www.theguardian.com/football/2026/jul/21/alex-ferguson-pays-tribute-kevin-keegan-newcastle
2026-07-21T12:34:13+00:00,sports,BBC Sport,Why Newcastle are changing club badge,https://www.bbc.co.uk/sport/football/articles/cwyex91dwqlo?at_medium=RSS&at_campaign=rss
2026-07-21T12:30:00+00:00,sports,Sky Sports,'We know a lot of what's going on' - Rahm tight-lipped on LIV future,https://www.skysports.com/golf/news/12040/13565572/jon-rahm-liv-golf-player-tight-lipped-on-whether-he-will-still-be-in-league-in-2027-but-says-we-know-a-lot-of-whats-going-on
2026-07-21T12:26:34+00:00,sports,BBC Sport,Infantino's 'time is up' with Fifa - La Liga boss,https://www.bbc.co.uk/sport/football/articles/cqjxzy44l0vo?at_medium=RSS&at_campaign=rss
2026-07-21T12:12:37+00:00,sports,CBS Sports,Heath Cummings' Fantasy football running back tiers: Jahmyr Gibbs edges Bijan Robinson,https://www.cbssports.com/fantasy/football/news/heath-cummings-fantasy-football-running-back-tiers-gibbs-edges-robinson/
2026-07-21T12:00:17+00:00,sports,CBS Sports,"2026 3M Open odds, picks, field: Surprising predictions from golf model that's nailed 17 majors",https://www.cbssports.com/betting/news/2026-3m-open-odds-picks-field-golf-predictions-bets/
2026-07-21T11:45:43+00:00,sports,CBS Sports,"Fantasy Baseball Injury Rankings: Top 50 IL stashes with Adley Rutschman, Max Meyer recently going down",https://www.cbssports.com/fantasy/baseball/news/httpswww-cbssports-comfantasybaseballnewsfantasy-baseball-injury-rankings-top-50-il-stashes-with-adley-rutschman/
2026-07-21T11:44:00+00:00,sports,Sky Sports,Arsenal most impacted? The clubs hit hardest by World Cup,https://www.skysports.com/football/news/12040/13565569/arsenal-aston-villa-and-man-utd-among-premier-league-clubs-most-impacted-by-injuries-and-possible-world-cup-fatigue
2026-07-21T11:43:20+00:00,sports,BBC Sport,From childbirth to Commonwealth Games in four months,https://www.bbc.co.uk/sport/swimming/articles/c204g0801g4o?at_medium=RSS&at_campaign=rss
2026-07-21T11:35:13+00:00,sports,BBC Sport,Richardson unfazed by any Australia animosity over Team GB switch,https://www.bbc.co.uk/sport/cycling/articles/cwy0yyvnex6o?at_medium=RSS&at_campaign=rss
2026-07-21T11:27:51+00:00,sports,CBS Sports,"Three up, three down: Why Esmerlyn Valdez is a sell-high candidate despite his historic power surge",https://www.cbssports.com/fantasy/baseball/news/three-up-three-down-why-esmerlyn-valdez-is-a-sell-high-candidate/
2026-07-21T11:08:14+00:00,sports,The Guardian (Sport),David Squires on … Spain winning the World Cup final in the shadow of Trump,https://www.theguardian.com/football/picture/2026/jul/21/david-squires-spain-winning-world-cup-final-argentina-shadow-of-donald-trump
2026-07-21T11:05:55+00:00,sports,BBC Sport,Man Utd and Arsenal fight over Kone - Tuesday's gossip,https://www.bbc.co.uk/sport/football/articles/c934q4722zyo?at_medium=RSS&at_campaign=rss
2026-07-21T10:56:57+00:00,sports,CBS Sports,How long can Esmerlyn Valdez keep this up?,https://www.cbssports.com/
2026-07-21T10:55:24+00:00,sports,BBC Sport,Walker to take over from Farbrace as Sussex coach,https://www.bbc.co.uk/sport/cricket/articles/c89nxegl49eo?at_medium=RSS&at_campaign=rss
2026-07-21T10:36:03+00:00,sports,BBC Sport,GB's Bentley elevated to WBO middleweight champion,https://www.bbc.co.uk/sport/boxing/articles/c2elxz10442o?at_medium=RSS&at_campaign=rss
2026-07-21T10:30:00+00:00,sports,Sky Sports,Charges and challenges - the scale of the task facing Maresca at Man City,https://www.skysports.com/football/news/12040/13564300/enzo-maresca-as-man-city-manager-can-italian-make-a-success-of-his-return-to-a-club-so-entrenched-in-pep-guardiolas-way
2026-07-21T10:23:46+00:00,sports,The Guardian (Sport),Only four years to the next men’s World Cup – what can we expect from the 2030 edition?,https://www.theguardian.com/football/2026/jul/21/men-world-cup-2030-what-to-expect
2026-07-21T10:15:00+00:00,sports,Sky Sports,'Fight of the year!' | Lamine Yamal holds Paredes sign during bus parade!,https://www.skysports.com/watch/video/13565521/lamine-yamal-shows-off-paredes-vs-gavi-sign-during-bus-parade-fight-of-the-year
2026-07-21T09:22:27+00:00,sports,BBC Sport,Japan goalkeeper Okuma signs for Aston Villa,https://www.bbc.co.uk/sport/football/articles/cx25wj22003o?at_medium=RSS&at_campaign=rss
2026-07-21T09:15:05+00:00,sports,The Guardian (Sport),"NBA Summer League takeaways: an outstanding top four, a Warriors gem and a Cavaliers steal",https://www.theguardian.com/sport/2026/jul/21/nba-summer-league-takeaways-an-outstanding-top-four-a-warriors-gem-and-a-cavaliers-steal
2026-07-21T08:47:31+00:00,sports,The Guardian (Sport),Spurs break their women’s transfer record to sign Alice Sombath from Lyonnes,https://www.theguardian.com/football/2026/jul/21/spurs-sign-alice-sombath-from-lyonnes-transfer-record
2026-07-21T08:32:18+00:00,sports,BBC Sport,Why England teenager Parkinson has a mindset coach,https://www.bbc.co.uk/sport/football/articles/c775dvm2gn0o?at_medium=RSS&at_campaign=rss
2026-07-21T08:17:22+00:00,sports,BBC Sport,Who am I? Guess The Hundred star No 1,https://www.bbc.co.uk/sport/cricket/articles/c4gdmn8x20zo?at_medium=RSS&at_campaign=rss
2026-07-21T08:10:01+00:00,sports,BBC Sport,Bournemouth midfielder Scott rejects new contract,https://www.bbc.co.uk/sport/football/articles/c0rdn1p2z45o?at_medium=RSS&at_campaign=rss
2026-07-21T08:00:28+00:00,sports,BBC Sport,Tottenham sign France defender Sombath from Lyon,https://www.bbc.co.uk/sport/football/articles/cj03r94g62eo?at_medium=RSS&at_campaign=rss
2026-07-21T08:00:04+00:00,sports,The Guardian (Sport),"Nico Williams, Ferran Torres and Spain’s adaptable World Cup excellence | Jeff Rueter",https://www.theguardian.com/football/2026/jul/21/nico-williams-ferran-torres-spain-world-cup-final
2026-07-21T08:00:00+00:00,sports,Sky Sports,"Arsenal, Chelsea and Man Utd target Scott rejects new Bournemouth contract",https://www.skysports.com/football/news/12040/13565480/alex-scott-bournemouth-midfielder-rejects-new-contract-amid-strong-interest-from-arsenal-chelsea-and-manchester-united
2026-07-21T08:00:00+00:00,sports,Sky Sports,The 58 transfers to watch now the World Cup is over,https://www.skysports.com/football/news/12040/13565342/transfer-news-the-players-who-could-move-before-deadline-day-now-the-world-cup-is-over
2026-07-21T07:42:00+00:00,sports,Sky Sports,"Why Arsenal, Villa and Man Utd are most impacted by World Cup",https://www.skysports.com/watch/video/13565483/what-effect-will-the-world-cup-have-on-injuries-in-the-premier-league
2026-07-21T07:27:25+00:00,sports,BBC Sport,Joshua v Prenga - all you need to know,https://www.bbc.co.uk/sport/boxing/articles/cdewnx56xpwo?at_medium=RSS&at_campaign=rss
2026-07-21T07:25:11+00:00,sports,BBC Sport,Could Infantino really push through a 64-team World Cup?,https://www.bbc.co.uk/sport/football/articles/cly7ley50g9o?at_medium=RSS&at_campaign=rss
2026-07-21T07:00:48+00:00,sports,BBC Sport,Why was Hamilton penalised but not Leclerc? - F1 Q&A,https://www.bbc.co.uk/sport/formula1/articles/cn4n21ye3w2o?at_medium=RSS&at_campaign=rss
2026-07-21T07:00:04+00:00,sports,The Guardian (Sport),The big World Cup 2026 quiz,https://www.theguardian.com/football/2026/jul/21/the-big-world-cup-2026-quiz
2026-07-21T07:00:04+00:00,sports,The Guardian (Sport),Neuer to Neymar: 11 World Cup players who retired from international football,https://www.theguardian.com/football/2026/jul/21/neuer-to-neymar-11-world-cup-players-who-retired-from-international-football
2026-07-21T07:00:04+00:00,sports,The Guardian (Sport),World Cup 2026 in 90 seconds: a photo animation with audio,https://www.theguardian.com/football/video/2026/jul/21/world-cup-2026-in-90-seconds-a-photo-animation
2026-07-21T07:00:00+00:00,sports,Sky Sports,'Fery can improve but that's exciting' - Henman optimistic as Brit eyes US Open run,https://www.skysports.com/tennis/news/12040/13564275/arthur-fery-british-no-1-heads-into-american-hard-court-swing-with-areas-he-can-improve-ahead-of-us-open-according-to-tim-henman
2026-07-21T06:55:11+00:00,sports,BBC Sport,Why World Cup can be game-changer for ambitious MLS,https://www.bbc.co.uk/sport/football/articles/c1418rm5p10o?at_medium=RSS&at_campaign=rss
2026-07-21T06:42:41+00:00,sports,BBC Sport,Salt's path home from Barbados to Welsh Fire captain,https://www.bbc.co.uk/sport/cricket/articles/c0mym9pnzjro?at_medium=RSS&at_campaign=rss
2026-07-21T06:42:41+00:00,sports,BBC Sport,Salt's path home from Barbados to Welsh Fire captain,https://www.bbc.co.uk/sport/cricket/articles/c0mym9pnzjro?at_medium=RSS&at_campaign=rss
2026-07-21T06:00:13+00:00,sports,BBC Sport,Who am I? Guess Premier League star No 1,https://www.bbc.co.uk/sport/football/articles/clyjly9484go?at_medium=RSS&at_campaign=rss
2026-07-21T06:00:04+00:00,sports,The Guardian (Sport),Gaza celebrates World Cup victory of Spanish team they took into their hearts,https://www.theguardian.com/football/2026/jul/21/gaza-celebrates-world-cup-victory-of-spanish-team-they-took-into-their-hearts
2026-07-21T06:00:00+00:00,sports,Sky Sports,Ombudsman's half-sister makes debut at Wolverhampton,https://www.skysports.com/racing/news/12040/13565186/today-on-sky-sports-racing-ombudsmans-half-sister-makes-debut-at-wolverhampton
2026-07-21T05:47:13+00:00,sports,BBC Sport,The country that doesn't play football ... yet,https://www.bbc.co.uk/sport/football/articles/c5y03dermmeo?at_medium=RSS&at_campaign=rss
2026-07-21T05:12:13+00:00,sports,BBC Sport,Fake kits worth £18m seized by UK police over safety concerns,https://www.bbc.co.uk/sport/football/articles/c0rdgrkx552o?at_medium=RSS&at_campaign=rss
2026-07-21T03:37:39+00:00,sports,The Guardian (Sport),Australia back opener Jake Weatherald for home Test series against Bangladesh,https://www.theguardian.com/sport/2026/jul/21/australia-cricket-opener-jake-weatherald-test-series-bangladesh
2026-07-20T23:11:08+00:00,sports,BBC Sport,Ex-Villa striker Duran joins seventh club aged 22,https://www.bbc.co.uk/sport/football/articles/c75gwl3n50qo?at_medium=RSS&at_campaign=rss
2026-07-20T22:51:00+00:00,sports,Sky Sports,Menzies shocks world No 2 Humphries in World Matchplay thriller,https://www.skysports.com/darts/news/12040/13565323/world-matchplay-darts-luke-humphries-shocked-by-cameron-menzies-in-first-round-at-the-winter-gardens-in-blackpool
2026-07-20T22:19:11+00:00,sports,BBC Sport,Humphries suffers shock first-round exit at Matchplay,https://www.bbc.co.uk/sport/darts/articles/cx2jn8p1v1yo?at_medium=RSS&at_campaign=rss
2026-07-20T22:16:19+00:00,sports,BBC Sport,Earl wants changes to 'brutal' Nations Championship format,https://www.bbc.co.uk/sport/rugby-union/articles/c74g58vzjj4o?at_medium=RSS&at_campaign=rss
2026-07-20T22:00:52+00:00,sports,CBS Sports,Rays vs. Blue Jays Monday MLB parlay: Back rolling Toronto ace Dylan Cease against struggling Tampa Bay,https://www.cbssports.com/betting/news/rays-vs-blue-jays-monday-mlb-parlay-back-rolling-toronto-ace-dylan-cease-against-struggling-tampa-bay/
2026-07-20T21:50:12+00:00,sports,BBC Sport,Gallery: Spain celebrate World Cup triumph in Madrid,https://www.bbc.co.uk/sport/football/articles/cgje79d6q64o?at_medium=RSS&at_campaign=rss
2026-07-20T21:40:34+00:00,sports,CBS Sports,"Free MLB home run picks, odds: Fernando Tatis Jr. is part of expert's top Monday HR player props for July 20",https://www.cbssports.com/betting/news/free-mlb-home-run-picks-odds-fernando-tatis-jr-is-part-of-experts-top-monday-hr-player-props-for-july-20/
2026-07-20T21:29:13+00:00,sports,CBS Sports,"Eight conferences form alliance to improve 'quality, consistency' of officiating in women's college basketball",https://www.cbssports.com/womens-college-basketball/news/womens-college-basketball-officiating-alliance/
2026-07-20T21:24:26+00:00,sports,BBC Sport,McGeeney to stay as Armagh manager for 13th season,https://www.bbc.co.uk/sport/articles/cz64lwgl98no?at_medium=RSS&at_campaign=rss
2026-07-20T21:21:00+00:00,sports,Sky Sports,England latest: Latest FIFA rankings published - where do Three Lions sit?,https://www.skysports.com/football/live-blog/12040/13427059/england-football-news-live-updates-schedule-and-analysis-of-thomas-tuchels-three-lions
2026-07-20T21:10:00+00:00,sports,Sky Sports,Palace seek £55m-plus for Lacroix as talks with Chelsea begin,https://www.skysports.com/football/news/12040/13565423/maxence-lacroix-transfer-news-chelsea
2026-07-20T20:58:37+00:00,sports,CBS Sports,Pat Riley knows he had to 'let go' after LeBron James left Heat: 'I thought we were looking at a dynasty',https://www.cbssports.com/nba/news/lebron-james-free-agency-heat-pat-riley-legacy/
2026-07-20T20:54:19+00:00,sports,CBS Sports,Michigan AD Warde Manuel to step down at the end of calendar year after internal investigation,https://www.cbssports.com/college-football/news/warde-manuel-michigan-ad-step-down-investigation/
2026-07-20T20:42:33+00:00,sports,The Guardian (Sport),Argentina players face bans as Fifa opens investigation into World Cup final brawls,https://www.theguardian.com/football/2026/jul/20/argentina-players-face-bans-as-fifa-opens-investigation-into-world-cup-final-brawls
2026-07-20T20:29:43+00:00,sports,CBS Sports,Proposed changes to Protect College Sports Act would allow conference expansion -- with a catch,https://www.cbssports.com/college-football/news/protect-college-sports-act-proposal-conference-expansion/
2026-07-20T20:24:30+00:00,sports,The Guardian (Sport),Vingegaard’s and Pogacar’s night-time doping tests authorised by Paris judge,https://www.theguardian.com/sport/2026/jul/20/tadej-pogacar-jonas-vingegaard-night-time-doping-tests-authorised-paris-judge-tour-de-france-cycling
2026-07-20T20:23:46+00:00,sports,CBS Sports,"Borgata Sportsbook promo code 2026: Bet $20, get $100 instantly in bonus bets",https://www.cbssports.com/betting/news/borgata-promo-code/
2026-07-20T20:16:36+00:00,sports,CBS Sports,"WNBA Power Rankings: Valkyries' streak has them at No. 1, Liberty stuck in 'trenches'",https://www.cbssports.com/wnba/news/wnba-power-rankings-valkyries-liberty-july-20/
2026-07-20T20:13:48+00:00,sports,CBS Sports,"Chiefs are Argentina, Cowboys are USMNT: The World Cup equivalents for eight NFL teams",https://www.cbssports.com/nfl/news/nfl-world-cup-team-comparisons-chiefs-cowboys-argentina-usmnt/
2026-07-20T20:01:25+00:00,sports,The Guardian (Sport),Nearly two million people join Spain’s World Cup celebrations in Madrid,https://www.theguardian.com/football/2026/jul/20/spain-world-cup-celebration-madrid
2026-07-20T19:55:00+00:00,sports,Sky Sports,Talks confirmed for 64-team World Cup in 2030,https://www.skysports.com/football/live-blog/12040/13509050/world-cup-2026-news-and-live-updates-usa-canada-and-mexico-latest-including-trump-tickets-and-fans
2026-07-20T19:38:55+00:00,sports,CBS Sports,"The Lakers are signing Matisse Thybulle, which creates a roster crunch a Bronny James trade could solve",https://www.cbssports.com/nba/news/lakers-signing-matisse-thybulle-roster-bronny-james-trade/
2026-07-20T19:30:52+00:00,sports,CBS Sports,HQ PM Newsletter 7/20/2026,https://www.cbssports.com/
2026-07-20T19:30:49+00:00,sports,CBS Sports,"Today's top games to watch, best bets, odds: White Sox vs. Rangers, Dodgers vs. Phillies and more",https://www.cbssports.com/betting/news/todays-top-games-to-watch-best-bets-odds-white-sox-vs-rangers-dodgers-vs-phillies-and-more/
2026-07-20T19:30:42+00:00,sports,CBS Sports,Fantasy football rankings 2026: Sleepers from model that nailed De'Von Achane's massive year,https://www.cbssports.com/fantasy/football/news/fantasy-football-rankings-2026-sleepers-from-model-that-nailed-devon-achanes-massive-year/
2026-07-20T19:26:10+00:00,sports,CBS Sports,Way-too-early 2030 World Cup Power Rankings: Spain and France clear favorites; Germany could be back,https://www.cbssports.com/soccer/news/way-too-early-2030-world-cup-power-rankings-spain-france-england-germany-argentina-usmnt/
2026-07-20T19:20:37+00:00,sports,CBS Sports,Five reasons why Kentucky could be SEC's biggest surprise in ex-Oregon OC Will Stein's first season as coach,https://www.cbssports.com/college-football/news/kentucky-2026-outlook-will-stein-sec-media-days-kenny-michey/
2026-07-20T19:13:58+00:00,sports,BBC Sport,Messi says 'pain is immense' after losing World Cup final,https://www.bbc.co.uk/sport/football/articles/cz97gwpk01yo?at_medium=RSS&at_campaign=rss
2026-07-20T19:05:17+00:00,sports,The Guardian (Sport),"A big red speaker, Louis Vuitton trophy trunks and a tattoo bet – how Spain celebrated World Cup win",https://www.theguardian.com/football/2026/jul/20/a-big-red-speaker-louis-vuitton-trophy-trunks-and-a-tattoo-bet-how-spain-celebrated-world-cup-win
2026-07-20T18:12:08+00:00,sports,The Guardian (Sport),F1’s algorithms spark driver fury as number neuters thrills of Spa-Francorchamps | Giles Richards,https://www.theguardian.com/sport/2026/jul/20/f1-algorithm-driver-fury-engines-spa-francorchamps
2026-07-20T17:20:11+00:00,sports,BBC Sport,Guardiola in reported talks with Italy - would England come calling?,https://www.bbc.co.uk/sport/football/articles/c20dn5j0lj0o?at_medium=RSS&at_campaign=rss
2026-07-20T17:00:46+00:00,sports,The Guardian (Sport),England players question ‘brutal’ travel demands in Nations Championship format,https://www.theguardian.com/sport/2026/jul/20/england-rugby-union-argentina-nations-championship-travel-demands
2026-07-20T16:44:02+00:00,sports,BBC Sport,Uefa president boycotts World Cup final in protest against Fifa,https://www.bbc.co.uk/sport/football/articles/cr59mg77ep2o?at_medium=RSS&at_campaign=rss
2026-07-20T16:32:51+00:00,sports,BBC Sport,'I'm proud of it' - Keegan looks back on career highlights and legacy,https://www.bbc.co.uk/sport/football/videos/cgmkv3j3yv0o?at_medium=RSS&at_campaign=rss
2026-07-20T16:17:43+00:00,sports,BBC Sport,What did England learn during ODI series win over India?,https://www.bbc.co.uk/sport/cricket/articles/cq5626gq3gdo?at_medium=RSS&at_campaign=rss
2026-07-20T15:52:37+00:00,sports,BBC Sport,Rodri's stock at all-time high as he adds to trophy collection,https://www.bbc.co.uk/sport/football/articles/cj03j6yzq20o?at_medium=RSS&at_campaign=rss
2026-07-20T15:32:00+00:00,sports,Sky Sports,UNSEEN! | Onboard Colapinto's sensational DOUBLE overtake!,https://www.skysports.com/watch/video/13565314/belgian-gp-onboard-franco-colapintos-sensational-double-overtake
2026-07-20T15:05:47+00:00,sports,The Guardian (Sport),DeChambeau moves the dial for golf but is his posturing and pantomime worth the hassle? | Ewan Murray,https://www.theguardian.com/sport/2026/jul/20/dechambeau-moves-the-dial-for-golf-but-is-his-posturing-and-pantomime-worth-the-hassle
2026-07-20T15:00:33+00:00,sports,BBC Sport,"Gifted, charismatic and passionate amid highs and lows - Keegan obituary",https://www.bbc.co.uk/sport/football/articles/c20z4d87vp3o?at_medium=RSS&at_campaign=rss
2026-07-20T14:57:39+00:00,sports,BBC Sport,What will Rogers bring to Alonso's Chelsea?,https://www.bbc.co.uk/sport/football/articles/cy8enwn2xq4o?at_medium=RSS&at_campaign=rss
2026-07-20T14:45:55+00:00,sports,BBC Sport,Keegan's double inspires Liverpool to 1974 FA Cup glory,https://www.bbc.co.uk/sport/football/videos/crk5dnyklm0o?at_medium=RSS&at_campaign=rss
2026-07-20T14:28:43+00:00,sports,The Guardian (Sport),"Kevin Keegan, Liverpool legend and former Newcastle manager, dies aged 75",https://www.theguardian.com/football/2026/jul/20/kevin-keegan-liverpool-legend-and-former-newcastle-manager-dies-aged-75
2026-07-20T14:09:05+00:00,sports,BBC Sport,"Chelsea sign Man Utd striker Malard for £850,000",https://www.bbc.co.uk/sport/football/articles/c62120n7y8jo?at_medium=RSS&at_campaign=rss
2026-07-20T13:35:00+00:00,sports,Sky Sports,The headbutt that was missed on field | Lewis hit with four-match ban,https://www.skysports.com/watch/video/13565266/mikey-lewis-receives-four-match-ban-after-head-butt-was-missed-during-the-hull-krs-match-against-warrington
2026-07-20T13:14:34+00:00,sports,The Guardian (Sport),DeChambeau accused of threatening to call Trump in row over Open penalty,https://www.theguardian.com/sport/2026/jul/20/bryson-dechambeau-donald-trump-open-championshiup-penalty-golf-royal-birkdale
2026-07-20T12:50:36+00:00,sports,BBC Sport,Watch the BBC's closing World Cup montage,https://www.bbc.co.uk/sport/football/videos/c5y4r79prw4o?at_medium=RSS&at_campaign=rss
2026-07-20T12:07:00+00:00,sports,Sky Sports,NEW ANGLES! Was Hamilton's penalty fair after Russell collision?,https://www.skysports.com/watch/video/13565218/belgian-gp-all-angles-was-lewis-hamiltons-penalty-fair-after-george-russell-collision
2026-07-20T10:50:05+00:00,sports,The Guardian (Sport),Angel Reese accepts Brondello’s apology after ‘protected species’ comment lands ban,https://www.theguardian.com/sport/2026/jul/20/angel-reese-accepts-brondellos-apology-after-protected-species-comments-lands-ban
2026-07-20T10:29:04+00:00,sports,BBC Sport,"Best goal, best player, best fans - BBC reporters' World Cup awards",https://www.bbc.co.uk/sport/football/articles/cdxd1pq4nrko?at_medium=RSS&at_campaign=rss
2026-07-20T10:23:50+00:00,sports,BBC Sport,How fast Fox trumped divisive DeChambeau to win Open,https://www.bbc.co.uk/sport/golf/articles/cn4n2r3de84o?at_medium=RSS&at_campaign=rss
2026-07-20T09:22:06+00:00,sports,BBC Sport,What has changed in The Hundred for 2026?,https://www.bbc.co.uk/sport/cricket/articles/c4gygg97v4po?at_medium=RSS&at_campaign=rss
2026-07-20T08:26:36+00:00,sports,BBC Sport,"Stay or go - at 28, Rashford faces big Man Utd call",https://www.bbc.co.uk/sport/football/articles/cy8m7n5827xo?at_medium=RSS&at_campaign=rss
2026-07-20T08:03:37+00:00,sports,BBC Sport,Mbappe wins race for the 2026 World Cup golden boot,https://www.bbc.co.uk/sport/football/videos/c3v0l1yk7xpo?at_medium=RSS&at_campaign=rss
2026-07-20T07:13:39+00:00,sports,BBC Sport,'That's just ludicrous!' - best shots from The Open 2026,https://www.bbc.co.uk/sport/golf/videos/c1k1nzw7wz7o?at_medium=RSS&at_campaign=rss
2026-07-20T00:52:22+00:00,sports,BBC Sport,Spain lift World Cup trophy as Trump stays on stage,https://www.bbc.co.uk/sport/football/videos/c1k1npx8gy0o?at_medium=RSS&at_campaign=rss
2026-07-20T00:22:33+00:00,sports,BBC Sport,'The reaction is terrible' - World Cup final turns ugly at full-time,https://www.bbc.co.uk/sport/football/videos/c5yrxql8wd3o?at_medium=RSS&at_campaign=rss
2026-07-20T00:10:09+00:00,sports,The Guardian (Sport),Spain beat Argentina 1-0 after extra time to win the 2026 World Cup – as it happened,https://www.theguardian.com/football/live/2026/jul/19/spain-v-argentina-world-cup-2026-final-live-updates
2026-07-19T23:35:50+00:00,sports,The Guardian (Sport),"Fleetwood, Fox and fury: Tom Jenkins’ best images from the Open",https://www.theguardian.com/sport/gallery/2026/jul/20/tommy-fleetwood-ryan-fox-bryson-dechambeau-tom-jenkins-best-images-open-chanpionship-golf
2026-07-19T23:17:00+00:00,sports,BBC Sport,Dominant Spain beat Argentina to win World Cup after extra time,https://www.bbc.co.uk/sport/football/videos/clyvgx9e00do?at_medium=RSS&at_campaign=rss
2026-07-19T22:55:06+00:00,sports,The Guardian (Sport),The 2026 World Cup final: Spain 1-0 Argentina – in pictures,https://www.theguardian.com/football/gallery/2026/jul/19/world-cup-2026-final-spain-v-argentina-in-pictures
2026-07-19T22:31:09+00:00,sports,BBC Sport,How the World Cup has affected your Premier League team,https://www.bbc.co.uk/sport/football/articles/c3ek99pz1wgo?at_medium=RSS&at_campaign=rss
2026-07-19T22:03:04+00:00,sports,BBC Sport,Spain's Torres scores only goal of World Cup final,https://www.bbc.co.uk/sport/football/videos/cp30nd7vpn2o?at_medium=RSS&at_campaign=rss
2026-07-19T20:52:06+00:00,sports,BBC Sport,Stars shine at the World Cup final half-time show,https://www.bbc.co.uk/sport/football/videos/cddj0m5pzglo?at_medium=RSS&at_campaign=rss
2026-07-19T20:25:08+00:00,sports,The Guardian (Sport),"My hands were all over the place for ‘surreal’ Open-winning putt, says Ryan Fox",https://www.theguardian.com/sport/2026/jul/19/ryan-fox-the-open-championship-2026-golf-new-zealand
2026-07-19T19:14:19+00:00,sports,BBC Sport,Runs and records galore as England beat India to seal ODI series win,https://www.bbc.co.uk/sport/football/videos/c5yz1n25892o?at_medium=RSS&at_campaign=rss
2026-07-19T19:03:29+00:00,sports,BBC Sport,'Everything was shaking' - Fox on putt that won him The Open,https://www.bbc.co.uk/sport/golf/videos/c62ql7xzyydo?at_medium=RSS&at_campaign=rss
2026-07-19T19:00:32+00:00,sports,BBC Sport,Title race would be 'done and dusted' without Mercedes reliability issues,https://www.bbc.co.uk/sport/formula1/videos/cj9dnwd11p7o?at_medium=RSS&at_campaign=rss
2026-07-19T18:29:53+00:00,sports,BBC Sport,'Royal entertainment from an Indian great' - Kohli's final farewell?,https://www.bbc.co.uk/sport/cricket/videos/cvg85p0evdno?at_medium=RSS&at_campaign=rss
2026-07-19T18:27:07+00:00,sports,BBC Sport,'Can you believe it?' - Best shots from final round of The Open,https://www.bbc.co.uk/sport/golf/videos/c998r497gkno?at_medium=RSS&at_campaign=rss
2026-07-19T18:17:26+00:00,sports,BBC Sport,'The stuff dreams are made of' - Fox sinks birdie on 18th to win The Open,https://www.bbc.co.uk/sport/golf/videos/ckgdv4v350mo?at_medium=RSS&at_campaign=rss
2026-07-19T18:13:45+00:00,sports,BBC Sport,'What a way to take it' - best of Fox's winning final round at The Open,https://www.bbc.co.uk/sport/golf/videos/cn0n125rrwzo?at_medium=RSS&at_campaign=rss
2026-07-19T18:03:52+00:00,sports,BBC Sport,Heroic and historic - Rohit's century to remember at Lord's,https://www.bbc.co.uk/sport/cricket/videos/cx2vd9ky92do?at_medium=RSS&at_campaign=rss
2026-07-19T14:05:51+00:00,sports,BBC Sport,GB's Shriever claims historic win as extreme weather halts final,https://www.bbc.co.uk/sport/cycling/videos/c2lq9z49119o?at_medium=RSS&at_campaign=rss
2026-07-19T00:55:53+00:00,sports,BBC Sport,England's discipline 'verging on comical' - Dawson,https://www.bbc.co.uk/sport/rugby-union/articles/c75g629k44zo?at_medium=RSS&at_campaign=rss
2026-07-17T17:03:08+00:00,sports,BBC Sport,The ultimate all-round sportsman - Sobers could do it all,https://www.bbc.co.uk/sport/cricket/articles/c2xx42dle4go?at_medium=RSS&at_campaign=rss
2026-07-07T06:39:44+00:00,sports,BBC Sport,The man who invented a sport and played tennis with Willy Wonka,https://www.bbc.co.uk/sport/tennis/articles/c1e2nlj58zxo?at_medium=RSS&at_campaign=rss
2026-07-04T11:02:02+00:00,sports,BBC Sport,In spotlight but shunning limelight - Olise's unique rise to top,https://www.bbc.co.uk/sport/football/articles/c5yzr42943lo?at_medium=RSS&at_campaign=rss
2026-06-29T05:19:36+00:00,sports,BBC Sport,When five Wimbledon titles in one weekend changed British tennis,https://www.bbc.co.uk/sport/tennis/articles/cgev5n0vqv3o?at_medium=RSS&at_campaign=rss
2026-06-26T10:01:44+00:00,sports,BBC Sport,How to be a good tennis parent,https://www.bbc.co.uk/sport/tennis/articles/cx23r1r55npo?at_medium=RSS&at_campaign=rss
2026-06-22T00:00:00+00:00,sports,BBC Sport,The people and places that shaped a two-time Wimbledon champion,https://www.bbc.co.uk/sport/extra/v5ergq8rop/the-making-of-Jannik-Sinner?at_medium=RSS&at_campaign=rss
2026-06-08T10:33:57+00:00,sports,BBC Sport,Find out more here,https://www.bbc.co.uk/sport/football/articles/ce8e6y90g2jo?at_medium=RSS&at_campaign=rss
2026-06-02T05:28:25+00:00,sports,BBC Sport,How Cornish miners brought football to Mexico,https://www.bbc.co.uk/sport/football/articles/cx21q453l4jo?at_medium=RSS&at_campaign=rss
2026-05-11T05:00:00+00:00,sports,BBC Sport,Why did England’s 2006 World Cup dream end in agony?,http://www.bbc.co.uk/iplayer/episode/m002wbmg?at_mid=hBNq4xkQn6&at_campaign=England_2006_The_Golden_Generation_TEST_CONTROL&at_medium=display_ad&at_campaign_type=owned&at_nation=NET&at_audience_id=SS&at_product=iplayer&at_brand=m002wbmg&at_ptr_name=bbc&at_ptr_type=media&at_format=image&at_objective=consumption&at_link_title=England_2006_The_Golden_Generation_TEST_CONTROL&at_bbc_team=BBC&at_creation=Carousel_Test_Control
2026-05-11T00:00:00+00:00,sports,BBC Sport,The summer a golden generation lost its shine,https://www.bbc.co.uk/sport/extra/60s97qhdbf/the-golden-generation?at_medium=RSS&at_campaign=rss
2026-07-21T14:00:00+00:00,entertainment,Variety,The Pulitzer Prize-Winning Journalist Who Has the Entire NBA Spooked,https://variety.com/2026/sports/news/pablo-torre-finds-out-podcast-nba-kawhi-leonard-jalen-brunson-jeffrey-epstein-1236817018/
2026-07-21T13:52:00+00:00,entertainment,Variety,FIFA World Cup and Olympic Ceremonies Producer Balich Wonder Studio Expands Footprint to North America and Mexico,https://variety.com/2026/sports/global/world-cup-producer-balich-wonder-studio-north-america-mexico-1236817054/
2026-07-21T13:20:00+00:00,entertainment,Variety,"Zoom, With New Story, Bets on Indie Journalist to Tell It",https://variety.com/2026/tv/news/zoom-nayeema-raza-partnership-creators-1236816997/
2026-07-21T13:06:24+00:00,entertainment,Variety,Psychological Horror Feature ‘Ancestral Beasts’ Debuts Trailer Ahead of Fantasia World Premiere (EXCLUSIVE),https://variety.com/2026/film/markets-festivals/fantasia-horror-indigenous-ancestral-beasts-trailer-riedel-1236817056/
2026-07-21T13:00:00+00:00,entertainment,Variety,YouTube Star Alejo Igoa Signs With WME,https://variety.com/2026/digital/news/alejo-igoa-signs-wme-1236814852/
2026-07-21T13:00:00+00:00,entertainment,Variety,"‘Sunny Dancer’ Starring Bella Ramsey Bought by Quiver, Plans North American Theatrical Release (EXCLUSIVE)",https://variety.com/2026/film/global/sunny-dancer-starring-bella-ramsey-bought-by-quiver-1236816140/
2026-07-21T13:00:00+00:00,entertainment,Variety,"Andrea Zapata Joins VideoAmp as SVP, Agency Partnerships",https://variety.com/2026/tv/news/andrea-zapata-joins-videoamp-1236816443/
2026-07-21T13:00:00+00:00,entertainment,Variety,"Lego Unveils ‘The X-Files’ 1,478-Piece Set Featuring Mulder and Scully Minifigures (EXCLUSIVE)",https://variety.com/2026/tv/news/lego-the-x-files-set-mulder-scully-minifigures-1236816853/
2026-07-21T13:00:00+00:00,entertainment,Variety,Oscilloscope Laboratories Acquires Ann Oren’s ‘Objet a’ Ahead of Locarno World Premiere (EXCLUSIVE),https://variety.com/2026/film/markets-festivals/oscilloscope-laboratories-acquires-ann-oren-objet-a-locarno-1236817086/
2026-07-21T13:00:00+00:00,entertainment,The Hollywood Reporter,Prada Taps Barry Jenkins to Direct Campaign Starring Ambassadors in “Domestic Intimacy”,https://www.hollywoodreporter.com/lifestyle/style/prada-campaign-2026-barry-jenkins-hunter-schafer-troye-sivan-1236651267/
2026-07-21T13:00:00+00:00,entertainment,The Hollywood Reporter,SiriusXM Signs Trixie Mattel and Katya Zamolodchikova’s ‘The Bald and the Beautiful’ Podcast (Exclusive),https://www.hollywoodreporter.com/business/digital/siriusxm-trixie-mattel-katya-bald-beautiful-podcast-deal-1236651601/
2026-07-21T13:00:00+00:00,entertainment,The Hollywood Reporter,"Hunter Biden, Nick Fuentes Face-Off In Channel 5 Interview Trailer (Exclusive)",https://www.hollywoodreporter.com/news/politics-news/hunter-biden-nick-fuentes-interview-trailer-channel-5-1236652871/
2026-07-21T12:00:00+00:00,entertainment,The Hollywood Reporter,Disney and Kraft Heinz Ink-Wide Ranging Brand Deal Across Media and Experiences,https://www.hollywoodreporter.com/business/business-news/disney-kraft-heinz-brand-deal-media-theme-parks-1236652362/
2026-07-21T11:13:53+00:00,entertainment,BBC Entertainment & Arts,How a former Blue Peter presenter stunned America's Got Talent judges,https://www.bbc.co.uk/news/articles/c5yw85q18njo?at_medium=RSS&at_campaign=rss
2026-07-21T11:00:00+00:00,entertainment,The Hollywood Reporter,"Action Xtreme Expands Into U.K., Ireland Distribution With John Hannah-Starring ‘Bad Day at the Office’ (Exclusive)",https://www.hollywoodreporter.com/movies/movie-news/action-xtreme-distribution-uk-john-hannah-bad-day-film-news-1236652884/
2026-07-21T10:56:30+00:00,entertainment,Variety,Ryan Reynolds Says There Will ‘Eventually’ Be Another ‘Deadpool’ Movie: ‘There’s a Few Really Deep Cuts That I Think Are Missing’,https://variety.com/2026/film/news/ryan-reynolds-new-deadpool-movie-eventually-1236817083/
2026-07-21T09:00:00+00:00,entertainment,Washington Post Entertainment,"At the National Gallery, the clearest view of America is in the mines",https://www.washingtonpost.com/entertainment/art/2026/07/21/national-gallery-art-mining-show-goes-beneath-surface-america/
2026-07-21T06:34:36+00:00,entertainment,Rolling Stone (TV/Movies),Jon Stewart Criticizes Trump for Tainting Spain’s World Cup Victory With His ‘Overinflated Ego’,https://www.rollingstone.com/tv-movies/tv-movie-news/jon-stewart-donald-trump-spain-world-cup-victory-daily-show-1235596417/
2026-07-21T05:31:07+00:00,entertainment,Rolling Stone (TV/Movies),Chloe Fineman on ‘Bittersweet’ Decision to Exit ‘SNL’: ‘I’ve Been Crying Sweet Tears’,https://www.rollingstone.com/tv-movies/tv-movie-news/chloe-fineman-saturday-night-live-exit-bittersweet-1235596413/
2026-07-21T05:28:46+00:00,entertainment,The Hollywood Reporter,‘Dancing With the Stars: The Next Pro’ Cast: All the Dancers Vying for a Spot on Season 35,https://www.hollywoodreporter.com/lists/dancing-with-the-stars-next-pro-cast-judges/
2026-07-21T04:55:31+00:00,entertainment,Rolling Stone (TV/Movies),Olivia Wilde Details Meeting Elon Musk ‘Before He Turned Into This Creature’,https://www.rollingstone.com/tv-movies/tv-movie-news/olivia-wilde-meeting-elon-musk-1235596404/
2026-07-21T03:48:52+00:00,entertainment,The Hollywood Reporter,"Chloe Fineman Opens Up About Decision to Leave ‘SNL’: “I’m Really Proud of Everything, But It’s Hard”",https://www.hollywoodreporter.com/tv/tv-news/chloe-fineman-opens-up-decision-leave-snl-the-dink-1236652821/
2026-07-21T02:34:16+00:00,entertainment,The Hollywood Reporter,"Adam Driver Has Passed on So Many Marvel Roles That It’s Become a “Tradition,” Kevin Feige Says",https://www.hollywoodreporter.com/movies/movie-news/adam-driver-passing-marvel-roles-tradition-kevin-feige-1236652800/
2026-07-21T01:28:16+00:00,entertainment,The Hollywood Reporter,FIFA World Cup Halftime Show Director on Making First-Ever Concert: “Challenging Beyond Challenging”,https://www.hollywoodreporter.com/music/music-news/fifa-world-cup-halftime-show-director-talks-first-concert-1236652455/
2026-07-21T00:55:02+00:00,entertainment,The Hollywood Reporter,Matt Damon Reveals Why He Had Female Stunt Double for ‘Odyssey’ Scene: “Greatest Arms I’ve Ever Seen”,https://www.hollywoodreporter.com/movies/movie-news/matt-damon-female-stunt-double-odyssey-scene-bicep-1236652737/
2026-07-20T23:06:04+00:00,entertainment,BBC Entertainment & Arts,"'I made £100,000 of TikTok sales in one day': The business of live shopping",https://www.bbc.co.uk/news/articles/cm2j22w8k0po?at_medium=RSS&at_campaign=rss
2026-07-20T19:48:13+00:00,entertainment,BBC Entertainment & Arts,Paramount and Warner Bros mega merger paused by judge,https://www.bbc.co.uk/news/articles/c5ywxy41vg6o?at_medium=RSS&at_campaign=rss
2026-07-20T19:32:44+00:00,entertainment,Rolling Stone (TV/Movies),Who Goes to See ‘The Odyssey’ at 3 A.M.? These People,https://www.rollingstone.com/tv-movies/tv-movie-features/the-odyssey-3-a-m-screening-fan-interviews-1235593383/
2026-07-20T19:14:14+00:00,entertainment,Rolling Stone (TV/Movies),"Judge Halts Paramount, Warner Bros. Merger After States Sue to Block $111 Billion Deal",https://www.rollingstone.com/tv-movies/tv-movie-news/judge-pauses-paramount-warner-bros-discovery-merger-1235596099/
2026-07-20T17:48:25+00:00,entertainment,BBC Entertainment & Arts,Beatles tour fans spot Sir Paul at traffic lights,https://www.bbc.co.uk/news/articles/cg7mglmgnvjo?at_medium=RSS&at_campaign=rss
2026-07-20T17:24:44+00:00,entertainment,BBC Entertainment & Arts,How different is watching a film in IMAX?,https://www.bbc.co.uk/news/videos/c8xne47w4v4o?at_medium=RSS&at_campaign=rss
2026-07-20T15:00:45+00:00,entertainment,Rolling Stone (TV/Movies),"Thor Battles Doctor Doom, Reunites With Steve Rogers in New ‘Avengers: Doomsday’ Trailer",https://www.rollingstone.com/tv-movies/tv-movie-news/avengers-doomsday-trailer-thor-steve-rogers-1235595915/
2026-07-20T13:42:04+00:00,entertainment,BBC Entertainment & Arts,Ofcom launches investigation into Married at First Sight UK,https://www.bbc.co.uk/news/articles/c4gyyx2zg59o?at_medium=RSS&at_campaign=rss
2026-07-20T13:00:00+00:00,entertainment,Rolling Stone (TV/Movies),"‘If People Get Mad, I Can’t Control That’: The Making of ‘Spider-Man: Brand New Day’",https://www.rollingstone.com/tv-movies/tv-movie-features/spider-man-brand-new-day-interview-director-tom-holland-1235595446/
2026-07-20T11:22:28+00:00,entertainment,BBC Entertainment & Arts,Former World's Strongest Man to become a Gladiator,https://www.bbc.co.uk/news/articles/c330e0jg6vlo?at_medium=RSS&at_campaign=rss
2026-07-20T10:32:54+00:00,entertainment,BBC Entertainment & Arts,Tributes paid to influential soul singer Ray King,https://www.bbc.co.uk/news/articles/cg7mg4ev8vko?at_medium=RSS&at_campaign=rss
2026-07-20T07:30:13+00:00,entertainment,BBC Entertainment & Arts,Broadcaster and journalist Edward Stourton dies aged 68,https://www.bbc.co.uk/news/articles/c20d4j4v9g9o?at_medium=RSS&at_campaign=rss
2026-07-20T05:09:05+00:00,entertainment,BBC Entertainment & Arts,Maternity scandal to be dramatised in new series,https://www.bbc.co.uk/news/articles/cj9djljr43lo?at_medium=RSS&at_campaign=rss
2026-07-19T22:16:39+00:00,entertainment,BBC Entertainment & Arts,"Shakira, Madonna, Justin Bieber and BTS perform at colourful World Cup half-time show",https://www.bbc.co.uk/news/articles/clyxjl0wkl7o?at_medium=RSS&at_campaign=rss
2026-07-19T14:00:00+00:00,entertainment,Rolling Stone (TV/Movies),‘The Five-Star Weekend’ Is Airport-Novel Shlock at Its Best — And Peacock Knows It,https://www.rollingstone.com/tv-movies/tv-movie-features/five-star-weekend-all-her-fault-airport-read-adaptations-1235593473/
2026-07-19T08:26:02+00:00,entertainment,BBC Entertainment & Arts,Bruno Mars has an unexpected opening before Wembley party starts,https://www.bbc.co.uk/news/articles/cyv0vvg1pqdo?at_medium=RSS&at_campaign=rss
2026-07-18T13:30:00+00:00,entertainment,Rolling Stone (TV/Movies),"‘Chapo Trap House’ Has a Hit Podcast. Now, They Have a Movie",https://www.rollingstone.com/tv-movies/tv-movie-features/chapo-trap-house-movie-chunk-1235595460/
2026-07-18T09:10:25+00:00,entertainment,BBC Entertainment & Arts,Signed Hockney print found in a book sells for £41K,https://www.bbc.co.uk/news/articles/c62v5dz5zj8o?at_medium=RSS&at_campaign=rss
2026-07-18T06:05:22+00:00,entertainment,BBC Entertainment & Arts,Is the fear of unintentionally going viral changing clubbing for Gen Z?,https://www.bbc.co.uk/news/articles/cgmdk0k8dxzo?at_medium=RSS&at_campaign=rss
2026-07-18T05:12:20+00:00,entertainment,BBC Entertainment & Arts,'Wham! concerts changed lives in China' - Ridgeley,https://www.bbc.co.uk/news/articles/c78glnk524lo?at_medium=RSS&at_campaign=rss
2026-07-18T00:33:47+00:00,entertainment,BBC Entertainment & Arts,Gracie Abrams captures pain of early adulthood in new album - but you're left wanting more,https://www.bbc.co.uk/news/articles/c20y0we8nz1o?at_medium=RSS&at_campaign=rss
2026-07-17T23:40:03+00:00,entertainment,BBC Entertainment & Arts,16 World Cup viral moments - from Posh Spice's nonchalance to Haaland's bromance,https://www.bbc.co.uk/news/articles/cdr4rrzypymo?at_medium=RSS&at_campaign=rss
2026-07-17T22:14:12+00:00,entertainment,BBC Entertainment & Arts,Kim Jong Un was meant to be their only idol - then North Koreans discovered K-pop,https://www.bbc.co.uk/news/articles/c0jygjezvlwo?at_medium=RSS&at_campaign=rss
2026-07-17T17:07:24+00:00,entertainment,BBC Entertainment & Arts,"Bayeux Tapestry in 'wonderful state' after journey to London, French minister says",https://www.bbc.co.uk/news/articles/c4gjd9qww1eo?at_medium=RSS&at_campaign=rss
2026-07-17T15:20:48+00:00,entertainment,Rolling Stone (TV/Movies),"Brenda Fricker, Oscar-Winning Actress and Pigeon Lady in ‘Home Alone 2,’ Dead at 81",https://www.rollingstone.com/tv-movies/tv-movie-news/brenda-fricker-actress-pigeon-lady-home-alone-2-dead-obit-1235595119/
2026-07-17T04:54:09+00:00,entertainment,BBC Entertainment & Arts,The 85-year-old living in her own art installation,https://www.bbc.co.uk/news/articles/crel1g1j957o?at_medium=RSS&at_campaign=rss
2026-07-15T17:04:58+00:00,entertainment,BBC Entertainment & Arts,"The Odyssey is a 'colossal piece of cinema', critics say in rave reviews",https://www.bbc.co.uk/news/articles/c20y0rn9052o?at_medium=RSS&at_campaign=rss
2026-07-14T16:18:35+00:00,entertainment,BBC Entertainment & Arts,BBC's serious challenges laid bare in annual report,https://www.bbc.co.uk/news/articles/c1wywpyq9g8o?at_medium=RSS&at_campaign=rss
2026-07-13T23:03:02+00:00,entertainment,BBC Entertainment & Arts,Andy Serkis defends lack of diversity in Lord of the Rings cast,https://www.bbc.co.uk/news/articles/c07y400jlngo?at_medium=RSS&at_campaign=rss
2026-07-13T12:10:38+00:00,entertainment,BBC Entertainment & Arts,Sam Neill: A versatile actor whose roles went far beyond Jurassic Park,https://www.bbc.co.uk/news/articles/cx2wrvqq9rlo?at_medium=RSS&at_campaign=rss
2026-07-13T09:19:44+00:00,entertainment,BBC Entertainment & Arts,Sam Neill's best-known roles in pictures,https://www.bbc.co.uk/news/articles/c8r271zx43mo?at_medium=RSS&at_campaign=rss
2026-07-21T14:00:00+00:00,technology,TechCrunch,The Xteink X4 Pro could be the tiny e-reader of your dreams,https://techcrunch.com/2026/07/21/the-xteink-x4-pro-could-be-the-tiny-e-reader-of-your-dreams/
2026-07-21T13:33:27+00:00,technology,The Verge,Garmin’s new screen-free fitness tracker doesn’t require a subscription,https://www.theverge.com/tech/968551/garmin-cirqa-smart-band-fitness-tracker-wearables
2026-07-21T13:27:42+00:00,technology,TechCrunch,Music streamer Deezer says more than 50% of daily uploads are AI-generated,https://techcrunch.com/2026/07/21/music-streamer-deezer-says-more-than-50-of-daily-uploads-are-ai-generated/
2026-07-21T13:27:32+00:00,technology,The Verge,The Switch 2 is $50 off at Woot for new customers,https://www.theverge.com/gadgets/968325/woot-switch-2-coupon-discount-code-deal-sale
2026-07-21T13:20:00+00:00,technology,TechCrunch,Bluecore Energy raises $10M to build portable nuclear reactors on barges,https://techcrunch.com/2026/07/21/this-uber-alumn-just-raised-a-10m-pre-seed-to-build-portable-nuclear-enegry/
2026-07-21T13:00:00+00:00,technology,The Verge,The wireless headset that gets hot-swappable batteries right,https://www.theverge.com/tech/967153/glorious-infiniteplay-wireless-gaming-headset-hands-on
2026-07-21T13:00:00+00:00,technology,The Verge,Nintendo keeps making shooters more friendly and approachable,https://www.theverge.com/entertainment/968220/splatoon-raiders-review-nintendo-switch-2
2026-07-21T13:00:00+00:00,technology,The Verge,Halliday’s latest smart glasses feature a much-improved display,https://www.theverge.com/tech/968255/halliday-gen-2-smart-glasses-hands-on-ai-wearables
2026-07-21T11:08:56+00:00,technology,The Verge,America needs to stop getting shocked by Chinese AI,https://www.theverge.com/ai-artificial-intelligence/968136/chinese-ai-models-another-sputnik-moment
2026-07-21T10:00:01+00:00,technology,The Verge,"Who’s afraid of the big, bad GPU?",https://www.theverge.com/cs/features/937356/ai-data-center-gpu-environmental-impact
2026-07-21T10:00:00+00:00,technology,TechCrunch,"Gritt exits stealth with $32 million for robots to build solar plants — then, everything else",https://techcrunch.com/2026/07/21/gritt-exits-stealth-with-34-million-for-robots-to-build-solar-plants-then-everything-else/
2026-07-21T09:15:55+00:00,technology,BBC Technology,AI minister role boosted but tech department axed in Burnham shake-up,https://www.bbc.co.uk/news/articles/cz97x8k4zqzo?at_medium=RSS&at_campaign=rss
2026-07-21T00:12:24+00:00,technology,TechCrunch,Anthropic’s landmark $1.5B copyright settlement is approved,https://techcrunch.com/2026/07/20/anthropics-landmark-1-5b-copyright-settlement-is-approved/
2026-07-20T23:39:35+00:00,technology,TechCrunch,Colossal Biosciences reportedly in talks to raise new capital at $20B–$30B valuation,https://techcrunch.com/2026/07/20/colossal-biosciences-reportedly-in-talks-to-raise-new-capital-at-20b-30b-valuation/
2026-07-20T22:21:04+00:00,technology,TechCrunch,Trump’s latest AI czar has already resigned,https://techcrunch.com/2026/07/20/trumps-latest-ai-czar-has-already-resigned/
2026-07-20T22:19:12+00:00,technology,The Verge,"Here are the 30,000 songs Sony is suing Udio’s AI music generator over",https://www.theverge.com/tech/968375/sony-udio-lawsuit-songs-ai-copyright
2026-07-20T22:16:14+00:00,technology,The Verge,The FCC is planning to retroactively ban disguised DJI gadgets,https://www.theverge.com/news/968310/fcc-dji-drone-camera-ban-skyrover-xtra
2026-07-20T22:15:51+00:00,technology,Ars Technica,DA: Cop covered bodycam to snap nude prisoners on his iPhone—but other cams caught him,https://arstechnica.com/tech-policy/2026/07/cop-charged-with-covering-bodycam-to-photograph-naked-prisoners/
2026-07-20T21:55:52+00:00,technology,Ars Technica,Firefighting drones in the works as wildfires plague US nearly year-round,https://arstechnica.com/ai/2026/07/firefighting-drones-in-the-works-as-wildfires-plague-us-nearly-year-round/
2026-07-20T21:47:37+00:00,technology,The Verge,The Odyssey turned me into an IMAX believer,https://www.theverge.com/entertainment/968337/the-odyssey-imax-screenings-christopher-nolan
2026-07-20T21:21:15+00:00,technology,TechCrunch,Google is working on a new AI chip designed to make Gemini more efficient,https://techcrunch.com/2026/07/20/google-is-working-on-a-new-ai-chip-designed-to-make-gemini-more-efficient/
2026-07-20T21:10:14+00:00,technology,Ars Technica,Judge halts Paramount's $111B purchase of Warner Bros. in win for US states,https://arstechnica.com/tech-policy/2026/07/judge-halts-paramounts-111b-purchase-of-warner-bros-in-win-for-us-states/
2026-07-20T20:50:40+00:00,technology,TechCrunch,AI’s most important protocol is getting a little bit easier to use,https://techcrunch.com/2026/07/20/ais-most-important-protocol-is-getting-a-little-bit-easier-to-use/
2026-07-20T20:30:25+00:00,technology,Ars Technica,The Space Force is now seeking to buy up to $30 billion in rocket launches,https://arstechnica.com/space/2026/07/the-space-force-is-now-seeking-to-buy-up-to-30-billion-in-rocket-launches/
2026-07-20T20:08:56+00:00,technology,BBC Technology,Thousands of websites taken down for illegal World Cup streams,https://www.bbc.co.uk/news/articles/cqx7wx4vqv1o?at_medium=RSS&at_campaign=rss
2026-07-20T19:37:39+00:00,technology,TechCrunch,X relaunches a rebuilt Android app after year-long effort,https://techcrunch.com/2026/07/20/x-relaunches-a-rebuilt-android-app-after-year-long-effort/
2026-07-20T19:33:25+00:00,technology,TechCrunch,OpenAI is scared of open-weight models. Should the US be?,https://techcrunch.com/2026/07/20/openai-is-scared-of-open-weight-models-should-the-us-be/
2026-07-20T19:20:49+00:00,technology,Ars Technica,AT&T loses key ruling in bid to stop offering basic phone service in California,https://arstechnica.com/tech-policy/2026/07/att-loses-key-ruling-in-bid-to-stop-offering-basic-phone-service-in-california/
2026-07-20T19:11:25+00:00,technology,TechCrunch,Natural raises $30M to reinvent payments for AI agents — and take on Stripe,https://techcrunch.com/2026/07/20/natural-raises-30m-to-reinvent-payments-for-ai-agents-and-take-on-stripe/
2026-07-20T18:06:05+00:00,technology,Ars Technica,RIP bargain bin: The price impact of Sony's disc-free PlayStation plan,https://arstechnica.com/gaming/2026/07/our-playstation-price-analysis-shows-why-physical-games-still-matter/
2026-07-20T17:58:50+00:00,technology,TechCrunch,Judge pauses $110B Paramount-Warner Bros. merger,https://techcrunch.com/2026/07/20/judge-pauses-110b-paramount-warner-bros-merger/
2026-07-20T16:57:30+00:00,technology,BBC Technology,Ofcom unable to take further legal action against suicide forum,https://www.bbc.co.uk/news/articles/c3d3ejgdm20o?at_medium=RSS&at_campaign=rss
2026-07-20T15:59:18+00:00,technology,Ars Technica,F1 in Belgium: Machine learning algorithms are ruining the sport,https://arstechnica.com/cars/2026/07/f1-in-belgium-the-2026-cars-look-pathetic-on-all-the-best-racetracks/
2026-07-20T15:45:00+00:00,technology,TechCrunch,Adobe camera app’s new feature will critique your photos using AI,https://techcrunch.com/2026/07/20/adobe-camera-apps-new-feature-will-critique-your-photos-using-ai/
2026-07-20T15:35:37+00:00,technology,TechCrunch,"Hackers are exploiting recently patched WordPress bugs, putting millions of websites at risk",https://techcrunch.com/2026/07/20/hackers-are-exploiting-recently-patched-wordpress-bugs-putting-millions-of-websites-at-risk/
2026-07-20T15:32:45+00:00,technology,Ars Technica,AliExpress hit with record $625M fine after failing to make EU-ordered fixes,https://arstechnica.com/tech-policy/2026/07/aliexpress-fined-625m-for-failing-to-remove-unsafe-toys-dangerous-cosmetics/
2026-07-20T15:23:06+00:00,technology,TechCrunch,YouTube clarifies policies around AI slop and upsetting videos,https://techcrunch.com/2026/07/20/youtube-clarifies-policies-around-ai-slop-and-upsetting-videos/
2026-07-20T15:22:54+00:00,technology,BBC Technology,AliExpress fined record €550m by EU for allowing sale of illegal goods,https://www.bbc.co.uk/news/articles/cp8714286dpo?at_medium=RSS&at_campaign=rss
2026-07-20T15:15:00+00:00,technology,TechCrunch,"Inference startup Infinity raises $15M from Touring Capital, OpenAI and Anthropic researchers",https://techcrunch.com/2026/07/20/inference-startup-infinity-raises-15m-from-touring-capital-openai-and-athropic-researchers/
2026-07-20T15:01:20+00:00,technology,TechCrunch,Hackers stole ‘significant’ amount of data from tech firm relied on by thousands of US hospitals and pharmacies,https://techcrunch.com/2026/07/20/hackers-stole-significant-amount-of-data-from-tech-firm-relied-on-by-thousands-of-us-hospitals-and-pharmacies/
2026-07-20T14:33:46+00:00,technology,Ars Technica,The first trailer for Avengers: Doomsday is finally here,https://arstechnica.com/culture/2026/07/the-first-trailer-for-avengers-doomsday-is-finally-here/
2026-07-20T14:30:00+00:00,technology,TechCrunch,Watch Flock Safety CEO Garrett Langley discuss the future of surveillance at TechCrunch Disrupt 2026,https://techcrunch.com/2026/07/20/watch-flock-safety-ceo-garrett-langley-discuss-the-future-of-surveillance-at-techcrunch-disrupt-2026/
2026-07-20T14:00:50+00:00,technology,Ars Technica,Pay up or not? Ransomware surge has victims facing tough choices.,https://arstechnica.com/security/2026/07/pay-up-or-not-ransomware-surge-has-victims-facing-tough-choices/
2026-07-20T12:39:28+00:00,technology,TechCrunch,"Hugging Face confirms breach affected internal datasets and credentials, urges users to take action",https://techcrunch.com/2026/07/20/hugging-face-confirms-breach-affected-internal-datasets-and-credentials-urges-users-to-take-action/
2026-07-20T11:20:10+00:00,technology,Ars Technica,Beyond grep: The case for a context-rich AI coding harness,https://arstechnica.com/ai/2026/07/beyond-grep-the-case-for-a-context-rich-ai-coding-harness/
2026-07-20T09:00:00+00:00,technology,Washington Post (Business/Tech),"Armed robots are on the horizon, as Silicon Valley pitches new military tech",https://www.washingtonpost.com/technology/2026/07/20/how-armed-robots-could-become-military-weapon-choice/
2026-07-19T22:11:21+00:00,technology,Ars Technica,India's first privately developed rocket reaches orbit on dramatic debut launch,https://arstechnica.com/space/2026/07/indias-first-privately-developed-rocket-reaches-orbit-on-dramatic-debut-launch/
2026-07-19T11:19:31+00:00,technology,Ars Technica,"As mosquito ranges expand, better monitoring is key to preventing disease",https://arstechnica.com/science/2026/07/as-mosquito-ranges-expand-better-monitoring-is-key-to-preventing-disease/
2026-07-18T11:18:25+00:00,technology,Ars Technica,Will AI fix prior authorization—or make it worse?,https://arstechnica.com/ai/2026/07/will-ai-fix-prior-authorization-or-make-it-worse/
2026-07-18T01:00:00+00:00,technology,BBC Technology,Tech Now,https://www.bbc.co.uk/iplayer/episode/m002zc0w?at_medium=RSS&at_campaign=rss
2026-07-17T19:50:18+00:00,technology,Ars Technica,"Google-backed satellites for wildfire detection launch as smoke chokes US, Canada",https://arstechnica.com/space/2026/07/google-backed-satellites-for-wildfire-detection-launch-as-smoke-chokes-us-canada/
2026-07-17T19:19:42+00:00,technology,Ars Technica,The Pentagon's Space Development Agency hasn't moved as fast as anyone would like,https://arstechnica.com/space/2026/07/the-pentagons-space-development-agency-hasnt-moved-as-fast-as-anyone-would-like/
2026-07-17T18:53:11+00:00,technology,Ars Technica,"Hegseth wants a ""High-T"" military; doctors call it a clinical minefield",https://arstechnica.com/health/2026/07/hegseth-wants-a-high-t-military-doctors-call-it-a-clinical-minefield/
2026-07-17T18:45:23+00:00,technology,Ars Technica,Taco Bell iceberg lettuce identified as source of cyclosporiasis in 5 states,https://arstechnica.com/health/2026/07/taco-bell-iceburg-lettuce-identified-as-source-of-cyclosporiasis-in-5-states/
2026-07-17T17:08:05+00:00,technology,Ars Technica,Troubling new details emerge on diabetes ouster controversy,https://arstechnica.com/science/2026/07/troubling-new-details-emerge-on-diabetes-ouster-controversy/
2026-07-17T16:53:04+00:00,technology,BBC Technology,China's Moonshot AI claims Kimi K3 can rival OpenAI and Anthropic,https://www.bbc.co.uk/news/articles/cy9w4q8pgp0o?at_medium=RSS&at_campaign=rss
2026-07-17T16:42:19+00:00,technology,Ars Technica,Will Russia's answer to the Falcon 9 rocket ever take flight?,https://arstechnica.com/space/2026/07/will-russias-answer-to-the-falcon-9-rocket-ever-take-flight/
2026-07-17T07:25:31+00:00,technology,BBC Technology,Trump Media to sell instant access to 'market-moving' social posts,https://www.bbc.co.uk/news/articles/c79gw4lj89eo?at_medium=RSS&at_campaign=rss
2026-07-16T11:08:33+00:00,technology,BBC Technology,TikTok faces Ofcom investigation over child age checks,https://www.bbc.co.uk/news/articles/ce8l1zk9dk9o?at_medium=RSS&at_campaign=rss
2026-07-16T10:52:26+00:00,technology,BBC Technology,Teen hackers who live streamed cyber-attack on TfL jailed,https://www.bbc.co.uk/news/articles/c4gyg0y6yg2o?at_medium=RSS&at_campaign=rss
2026-07-15T18:11:57+00:00,technology,BBC Technology,SpaceX share price drops below stock market debut,https://www.bbc.co.uk/news/articles/clyl33q0yl0o?at_medium=RSS&at_campaign=rss
2026-07-15T11:24:29+00:00,technology,BBC Technology,Midnight social media curfew proposed for UK teens aged 16 and 17,https://www.bbc.co.uk/news/articles/c982857nlrlo?at_medium=RSS&at_campaign=rss
2026-07-14T20:00:00+00:00,technology,BBC Technology,Tech Life,https://www.bbc.co.uk/sounds/play/w3ct8jy4?at_medium=RSS&at_campaign=rss
2026-07-13T00:07:00+00:00,technology,BBC Technology,10 years of Pokémon Go and the millions still trying to catch 'em all,https://www.bbc.co.uk/news/articles/cevlwk4nrm7o?at_medium=RSS&at_campaign=rss
2026-07-11T01:45:59+00:00,technology,BBC Technology,Meta pulls new AI image feature after days of backlash,https://www.bbc.co.uk/news/articles/c2dy6e8klw0o?at_medium=RSS&at_campaign=rss
2026-07-11T01:00:00+00:00,technology,BBC Technology,Tech Now,https://www.bbc.co.uk/iplayer/episode/m002z2l5?at_medium=RSS&at_campaign=rss
2026-07-11T00:08:51+00:00,technology,BBC Technology,Is the Assassin's Creed Black Flag remake worth the 13 year wait?,https://www.bbc.co.uk/news/articles/cjrg9r80908o?at_medium=RSS&at_campaign=rss
2026-07-07T20:00:00+00:00,technology,BBC Technology,Tech Life,https://www.bbc.co.uk/sounds/play/w3ct8jy3?at_medium=RSS&at_campaign=rss
2026-07-04T01:00:00+00:00,technology,BBC Technology,Tech Now,https://www.bbc.co.uk/iplayer/episode/m002ysd5?at_medium=RSS&at_campaign=rss
2026-06-30T19:30:00+00:00,technology,BBC Technology,Tech Life,https://www.bbc.co.uk/sounds/play/w3ct8jy2?at_medium=RSS&at_campaign=rss
2026-06-23T20:00:00+00:00,technology,BBC Technology,Tech Life,https://www.bbc.co.uk/sounds/play/w3ct8jy1?at_medium=RSS&at_campaign=rss
2026-05-30T01:00:00+00:00,technology,BBC Technology,Tech Now,https://www.bbc.co.uk/iplayer/episode/m002xbvq?at_medium=RSS&at_campaign=rss
2026-07-21T14:00:00+00:00,science,Space.com,"James Webb Space Telescope looks back in time 4.4 billion years | Space photo of the day for July 21, 2026",https://www.space.com/astronomy/james-webb-space-telescope-looks-back-in-time-4-4-billion-years-space-photo-of-the-day-for-july-21-2026
2026-07-21T13:29:24+00:00,science,ScienceDaily,Watching too much TV in midlife may shrink the brain,https://www.sciencedaily.com/releases/2026/07/260721000822.htm
2026-07-21T13:00:00+00:00,science,Space.com,SpaceX will launch a satellite repair drone with robot arms to Earth orbit today: How to watch it live,https://www.space.com/space-exploration/launches-spacecraft/spacex-launch-northrop-grumman-mrv-mep-satellite-servicing-mission
2026-07-21T12:55:59+00:00,science,ScienceDaily,Ancient mystery on K’gari as world’s largest sand island lakes dried up during rainy era,https://www.sciencedaily.com/releases/2026/07/260719231654.htm
2026-07-21T12:39:35+00:00,science,ScienceDaily,China’s Chang’e-6 reveals why solar wind hits the Moon’s two sides differently,https://www.sciencedaily.com/releases/2026/07/260718010145.htm
2026-07-21T12:00:00+00:00,science,Space.com,A massive crater was spotted on Google Earth. It could be a scar from an ancient meteorite impact,https://www.space.com/astronomy/earth/a-massive-crater-was-spotted-on-google-earth-it-could-be-a-scar-from-an-ancient-meteorite-impact
2026-07-21T11:30:00+00:00,science,Scientific American,Rare footage reveals elusive Arctic bobtail squid mom with clutch of eggs,https://www.scientificamerican.com/article/rare-footage-reveals-elusive-arctic-bobtail-squid-mom-with-clutch-of-eggs/
2026-07-21T10:57:41+00:00,science,ScienceDaily,Astronomers find the first atmosphere on a rocky world in the habitable zone,https://www.sciencedaily.com/releases/2026/07/260721000825.htm
2026-07-21T10:00:00+00:00,science,Space.com,Galaxy cluster's magnetic field reconstructed for 1st time with record-breaking astronomy map,https://www.space.com/astronomy/galaxies/galaxy-clusters-magnetic-field-reconstructed-for-1st-time-with-record-breaking-astronomy-map
2026-07-21T09:00:00+00:00,science,Scientific American,"This tiny, forgotten organ could help us live longer, healthier",https://www.scientificamerican.com/article/this-tiny-forgotten-organ-could-help-us-live-longer-healthier/
2026-07-21T08:59:24+00:00,science,ScienceDaily,"Ancient DNA reveals a chilling secret at China’s 4,000-year-old Shimao city",https://www.sciencedaily.com/releases/2026/07/260721000828.htm
2026-07-21T08:08:25+00:00,science,ScienceDaily,A hidden “switch-off” signal could predict solar storms seven years early,https://www.sciencedaily.com/releases/2026/07/260721000818.htm
2026-07-21T05:10:08+00:00,science,ScienceDaily,Scientists found mystery bacteria inside one of the ocean’s most elusive whales,https://www.sciencedaily.com/releases/2026/07/260721000847.htm
2026-07-21T04:59:11+00:00,science,ScienceDaily,New molecular map reveals how the flu virus hijacks human cells,https://www.sciencedaily.com/releases/2026/07/260721000816.htm
2026-07-21T03:51:43+00:00,science,ScienceDaily,This food compound may help vaccines work better in older adults,https://www.sciencedaily.com/releases/2026/07/260719035951.htm
2026-07-21T03:36:16+00:00,science,ScienceDaily,Dying Sun-like stars may kick themselves through space,https://www.sciencedaily.com/releases/2026/07/260719035942.htm
2026-07-21T02:40:55+00:00,science,ScienceDaily,"New quantum gravity theory links entropy, dark energy, and life",https://www.sciencedaily.com/releases/2026/07/260719035947.htm
2026-07-21T02:23:59+00:00,science,ScienceDaily,New antibody drug stops aggressive prostate cancer from spreading,https://www.sciencedaily.com/releases/2026/07/260718010151.htm
2026-07-21T00:00:00+00:00,science,Nature,Are boldness and belligerence related?,https://www.nature.com/articles/d41586-026-02103-5
2026-07-21T00:00:00+00:00,science,Nature,Oil and gas drilling is shifting to the deep sea — here’s what is at stake,https://www.nature.com/articles/d41586-026-02232-x
2026-07-21T00:00:00+00:00,science,Nature,New hope in the fight against cachexia — cancer’s deadly co-conspirator,https://www.nature.com/articles/d41586-026-02228-7
2026-07-21T00:00:00+00:00,science,Nature,Ten years of mapping gene expression in tissues,https://www.nature.com/articles/d41586-026-02212-1
2026-07-21T00:00:00+00:00,science,Nature,Seven ways endurance sports have taught me to be a better researcher,https://www.nature.com/articles/d41586-026-02215-y
2026-07-21T00:00:00+00:00,science,Nature,Does China’s latest AI model finally equal US rivals? What scientists think,https://www.nature.com/articles/d41586-026-02281-2
2026-07-21T00:00:00+00:00,science,Nature,Don’t let AI steal all the joy: what scientists won’t give up to chatbots,https://www.nature.com/articles/d41586-026-02213-0
2026-07-20T21:05:09+00:00,science,Space.com,"The 1st 'Avengers: Doomsday' trailer is here, and it's stuffed to bursting with superheroes",https://www.space.com/entertainment/space-movies-shows/the-1st-avengers-doomsday-trailer-is-here-and-its-stuffed-to-bursting-with-superheroes
2026-07-20T21:00:00+00:00,science,Space.com,SpaceX targets July 23 for crucial Starship Flight 13 test launch after abort,https://www.space.com/space-exploration/launches-spacecraft/spacex-targets-july-23-for-crucial-starship-flight-13-test-launch-after-abort
2026-07-20T20:00:00+00:00,science,Space.com,Scientists discover mystery molecule on Pluto and Saturn's moon Titan: 'We cannot say what it is',https://www.space.com/astronomy/james-webb-space-telescope/scientists-discover-mystery-molecule-on-pluto-and-saturns-moon-titan-we-cannot-say-what-it-is
2026-07-20T18:00:00+00:00,science,Space.com,"50 years after Viking 1's historic Mars landing, NASA is looking to the Red Planet's skies",https://www.space.com/astronomy/mars/50-years-after-viking-1s-historic-mars-landing-nasa-is-looking-to-the-red-planets-skies
2026-07-20T17:00:00+00:00,science,Space.com,'Stranger Things' at 10: The Netflix streaming icon that made it cool to like science again,https://www.space.com/entertainment/space-movies-shows/stranger-things-at-10-the-netflix-streaming-icon-that-made-it-cool-to-like-science-again
2026-07-20T16:09:40+00:00,science,Space.com,Twice in a row: SpaceX rocket aborts launch at last second again (video),https://www.space.com/space-exploration/launches-spacecraft/spacex-launch-abort-falcon-9-starlink-satellites-vandenberg
2026-07-20T16:00:00+00:00,science,Space.com,"Four astronauts, 3 spacecraft, 2 weeks in orbit: Artemis III will be NASA's most complicated mission ever",https://www.space.com/space-exploration/artemis/four-astronauts-3-spacecraft-2-weeks-in-orbit-artemis-iii-will-be-nasas-most-complicated-mission-ever
2026-07-20T15:10:00+00:00,science,Scientific American,Inside the race to spot wildfires before they spiral out of control,https://www.scientificamerican.com/article/inside-the-race-to-spot-wildfires-before-they-spiral-out-of-control/
2026-07-20T15:00:00+00:00,science,Space.com,Artemis II was an incredible reminder of our shared humanity just when we needed it most (op-ed),https://www.space.com/space-exploration/artemis/artemis-ii-was-an-incredible-reminder-of-our-shared-humanity-just-when-we-needed-it-most-op-ed
2026-07-20T14:27:26+00:00,science,Space.com,"Get stabilized views of the cosmos with the Canon 18x50 IS binoculars, now almost 30% off",https://www.space.com/stargazing/skywatching-kit/get-stabilized-views-of-the-cosmos-with-the-canon-18x50-is-binoculars-now-almost-30-percent-off
2026-07-20T14:00:00+00:00,science,Space.com,"Ancient sandstorm leaves behind wreckage on Mars | Space photo of the day for July 20, 2026",https://www.space.com/astronomy/mars/ancient-sandstorm-leaves-behind-wreckage-on-mars-space-photo-of-the-day-for-july-20-2026
2026-07-20T13:38:56+00:00,science,ScienceDaily,Scientists detect hidden skin damage before it becomes visible,https://www.sciencedaily.com/releases/2026/07/260716023554.htm
2026-07-20T13:23:44+00:00,science,ScienceDaily,Some dinosaurs could rise like giants until they grew too big,https://www.sciencedaily.com/releases/2026/07/260719231758.htm
2026-07-20T13:00:00+00:00,science,Scientific American,A SpaceX rocket is about to crash into the moon—scientists will be watching,https://www.scientificamerican.com/article/a-spacex-rocket-is-about-to-crash-into-the-moon-scientists-will-be-watching/
2026-07-20T13:00:00+00:00,science,Space.com,Rocket launch costs have dropped 96% since 1960. How low can they go?,https://www.space.com/space-exploration/launches-spacecraft/rocket-launch-costs-have-dropped-96-percent-since-1960-how-low-can-they-go
2026-07-20T12:29:38+00:00,science,ScienceDaily,"Earth’s waters are quietly running out of oxygen, scientists warn",https://www.sciencedaily.com/releases/2026/07/260719035939.htm
2026-07-20T12:00:00+00:00,science,Space.com,Did Viking 1 find life on Mars 50 years ago? Here's why the debate continues,https://www.space.com/astronomy/mars/did-viking-1-find-life-on-mars-50-years-ago-heres-why-the-debate-continues
2026-07-20T11:00:00+00:00,science,Scientific American,The Southern Delta Aquariids and Alpha Capricornids meteor showers are about to peak,https://www.scientificamerican.com/article/the-southern-delta-aquariids-and-alpha-capricornids-meteor-showers-are-about-to-peak/
2026-07-20T10:45:00+00:00,science,Scientific American,Neanderthals may have been just as smart as modern human peers,https://www.scientificamerican.com/article/neanderthals-may-have-been-just-as-smart-as-modern-human-peers/
2026-07-20T10:05:34+00:00,science,ScienceDaily,Alzheimer’s breakthrough: Scientists restore two hours of sleep without clearing brain plaques,https://www.sciencedaily.com/releases/2026/07/260719035931.htm
2026-07-20T10:00:00+00:00,science,Space.com,"An artificial 'Saturn's ring' of satellites could soon fill the sky, astronomers warn",https://www.space.com/space-exploration/satellites/an-artificial-saturns-ring-of-satellites-could-soon-fill-the-sky-astronomers-warn
2026-07-20T07:40:09+00:00,science,ScienceDaily,An ordinary laptop solved a problem thought to require a quantum computer,https://www.sciencedaily.com/releases/2026/07/260719040000.htm
2026-07-20T05:28:48+00:00,science,ScienceDaily,Scientists discover a protein that protects the brain from Alzheimer’s damage,https://www.sciencedaily.com/releases/2026/07/260718010140.htm
2026-07-20T04:00:00+00:00,science,Scientific American,Psychology researchers know why The Odyssey transcends time,https://www.scientificamerican.com/article/psychology-researchers-know-why-the-odyssey-transcends-time/
2026-07-20T03:32:12+00:00,science,ScienceDaily,UCLA scientists develop mineral sunscreen without the chalky white cast,https://www.sciencedaily.com/releases/2026/07/260718010200.htm
2026-07-20T02:31:21+00:00,science,ScienceDaily,Scientists found two powerful new ways to destroy forever chemicals,https://www.sciencedaily.com/releases/2026/07/260718010147.htm
2026-07-20T00:00:00+00:00,science,Nature,Detailed maps of European wetlands reveal overlooked patches of ecosystems,https://www.nature.com/articles/d41586-026-02211-2
2026-07-20T00:00:00+00:00,science,Nature,Daily briefing: How to nail an industry interview,https://www.nature.com/articles/d41586-026-02285-y
2026-07-20T00:00:00+00:00,science,Nature,Smuggling charges against NIH virologists trigger political uproar,https://www.nature.com/articles/d41586-026-01995-7
2026-07-20T00:00:00+00:00,science,Nature,The science of foresight: how to future-proof your research,https://www.nature.com/articles/d41586-026-02231-y
2026-07-20T00:00:00+00:00,science,Nature,Huge study finds first genetic clues for borderline personality disorder,https://www.nature.com/articles/d41586-026-02220-1
2026-07-20T00:00:00+00:00,science,Nature,My job interviews for industry positions are going nowhere. How do I make myself stand out?,https://www.nature.com/articles/d41586-026-02234-9
2026-07-19T21:49:10+00:00,science,NPR Science,How researchers found a new species of monkey deep in the rainforest,https://www.npr.org/2026/07/19/nx-s1-5894964/how-researchers-found-a-new-species-of-monkey-deep-in-the-rainforest
2026-07-19T17:00:00+00:00,science,Space.com,"'Aliens' at 40: James Cameron's sequel is a sci-fi icon, but did you know he quit the movie twice?",https://www.space.com/entertainment/space-movies-shows/aliens-at-40-james-camerons-sequel-is-a-sci-fi-icon-but-did-you-know-he-quit-the-movie-twice
2026-07-19T15:00:00+00:00,science,Space.com,Should we trust AI in the search for alien life? Scientists aren't so sure,https://www.space.com/space-exploration/search-for-life/should-we-trust-ai-in-the-search-for-alien-life-scientists-arent-so-sure
2026-07-19T14:58:00+00:00,science,ScienceDaily,New AI blood test predicts heart disease 15 years early,https://www.sciencedaily.com/releases/2026/07/260716023603.htm
2026-07-19T14:00:00+00:00,science,Space.com,How Christopher Nolan's 'Interstellar' turned general relativity into the bad guy,https://www.space.com/entertainment/space-movies-shows/how-christopher-nolans-interstellar-turned-general-relativity-into-the-bad-guy
2026-07-19T13:10:21+00:00,science,ScienceDaily,A tiny universe in a bottle reveals clues to the origins of life,https://www.sciencedaily.com/releases/2026/07/260718010156.htm
2026-07-19T13:06:54+00:00,science,NPR Science,An unlikely hero is saving a telescope from falling to earth,https://www.npr.org/2026/07/19/nx-s1-5896256/an-unlikely-hero-is-saving-a-telescope-from-falling-to-earth
2026-07-19T13:00:00+00:00,science,Space.com,10 places in the US and Canada to see August's partial solar eclipse and Perseid meteor shower in 1 trip,https://www.space.com/stargazing/10-places-in-the-us-and-canada-to-see-augusts-partial-solar-eclipse-and-perseid-meteor-shower-in-1-trip
2026-07-19T12:07:13+00:00,science,ScienceDaily,The mysterious hum heard around the world may finally have an explanation,https://www.sciencedaily.com/releases/2026/07/260719040002.htm
2026-07-19T12:00:00+00:00,science,Space.com,James Webb Space Telescope discovers how black holes feed themselves,https://www.space.com/astronomy/black-holes/james-webb-space-telescope-discovers-how-black-holes-feed-themselves
2026-07-19T10:00:00+00:00,science,Scientific American,America is embarking on a risky experiment with GLP-1s and aging,https://www.scientificamerican.com/article/america-is-embarking-on-a-risky-experiment-with-glp-1s-and-aging/
2026-07-19T10:00:00+00:00,science,Space.com,"Scientists told them, 'No, it's too dangerous,' but they did it anyway: Inside Japan's super-close asteroid flyby",https://www.space.com/space-exploration/asteroid-comet-missions/scientists-told-them-no-its-too-dangerous-but-they-did-it-anyway-inside-japans-super-close-asteroid-flyby
2026-07-19T10:00:00+00:00,science,NPR Science,An Israeli paraglider tries to save migrating swifts that nest in the Western Wall,https://www.npr.org/2026/07/19/nx-s1-5870684/israel-swift-birds-jerusalem
2026-07-19T09:19:13+00:00,science,ScienceDaily,Coffee may help the body fight stress and aging through a hidden cellular switch,https://www.sciencedaily.com/releases/2026/07/260719035927.htm
2026-07-19T05:53:59+00:00,science,ScienceDaily,Scientists just discovered a lost branch of Australia’s marsupials,https://www.sciencedaily.com/releases/2026/07/260715083546.htm
2026-07-19T04:22:00+00:00,science,ScienceDaily,Scientists identify the rare meteorite that killed the dinosaurs 66 million years ago,https://www.sciencedaily.com/releases/2026/07/260718010142.htm
2026-07-19T01:55:33+00:00,science,ScienceDaily,Common antidepressant may ease long COVID’s crushing fatigue,https://www.sciencedaily.com/releases/2026/07/260718010158.htm
2026-07-18T14:00:00+00:00,science,Space.com,"Another reusable rocket? Japan launches, lands RV-X prototype (video)",https://www.space.com/space-exploration/launches-spacecraft/another-reusable-rocket-coming-japan-launches-lands-rv-x-prototype-video
2026-07-18T13:55:57+00:00,science,ScienceDaily,Popular sugar substitutes linked to faster brain aging,https://www.sciencedaily.com/releases/2026/07/260717033213.htm
2026-07-18T13:40:10+00:00,science,Space.com,This Week In Space podcast: Episode 219 — SpaceX Goes to War!,https://www.space.com/entertainment/space-movies-shows/this-week-in-space-podcast-episode-219-spacex-goes-to-war
2026-07-18T13:00:33+00:00,science,ScienceDaily,A shattered asteroid may have bombarded Earth 800 million years ago,https://www.sciencedaily.com/releases/2026/07/260716023559.htm
2026-07-18T13:00:00+00:00,science,Space.com,"'We knew we had a lot to live up to': As 'Aliens' turns 40, we chat with the legendary VFX masters who created the Alien Queen (interview)",https://www.space.com/entertainment/space-movies-shows/we-knew-we-had-a-lot-to-live-up-to-as-aliens-turns-40-we-chat-with-the-legendary-vfx-masters-who-created-the-alien-queen-interview
2026-07-18T12:36:03+00:00,science,ScienceDaily,Earth’s biggest volcanic event transformed an entire oceanic plate,https://www.sciencedaily.com/releases/2026/07/260716023618.htm
2026-07-18T11:59:33+00:00,science,ScienceDaily,Intermittent fasting helped people keep weight off for a year,https://www.sciencedaily.com/releases/2026/07/260718010154.htm
2026-07-18T11:00:00+00:00,science,Scientific American,Accidental mix-ups of sounds reveal how the brain produces speech,https://www.scientificamerican.com/article/accidental-mix-ups-of-sounds-reveal-how-the-brain-produces-speech/
2026-07-18T10:00:00+00:00,science,Space.com,Beyond the Perseids: 6 meteor showers worth watching this summer,https://www.space.com/stargazing/meteor-showers/beyond-the-perseids-6-meteor-showers-worth-watching-this-summer
2026-07-18T03:09:35+00:00,science,ScienceDaily,NASA’s James Webb catches a supermassive black hole feeding,https://www.sciencedaily.com/releases/2026/07/260716023601.htm
2026-07-18T02:24:14+00:00,science,ScienceDaily,Mediterranean diet may activate tiny proteins that protect the heart and brain,https://www.sciencedaily.com/releases/2026/07/260716023605.htm
2026-07-17T22:00:00+00:00,science,Space.com,"Remembering 'Ulysses 31', the '80s cartoon that transported 'The Odyssey' to outer space",https://www.space.com/entertainment/space-movies-shows/remembering-ulysses-31-the-80s-cartoon-that-transported-the-odyssey-to-outer-space
2026-07-17T21:00:00+00:00,science,Space.com,These 'metallic' dunes on Mars look like sci-fi. What are they really?,https://www.space.com/astronomy/mars/these-metallic-dunes-on-mars-look-like-sci-fi-what-are-they-really
2026-07-17T19:00:00+00:00,science,Scientific American,Why New York State imposed a data center moratorium,https://www.scientificamerican.com/article/why-new-york-state-imposed-a-data-center-moratorium/
2026-07-17T19:00:00+00:00,science,Space.com,The Perseid meteor shower starts this week. Here's why you should look up now,https://www.space.com/stargazing/meteor-showers/the-perseid-meteor-shower-starts-this-week-heres-why-you-should-look-up-now
2026-07-17T18:00:00+00:00,science,Space.com,'Aliens' at 40: Here are 26 reasons why James Cameron's sequel is still the greatest sci-fi action movie of all time,https://www.space.com/entertainment/space-movies-shows/aliens-at-40-here-are-26-reasons-why-james-camerons-sequel-is-still-the-greatest-sci-fi-action-movie-of-all-time
2026-07-17T17:00:00+00:00,science,Space.com,Earth's largest particle accelerator opens new window into the early universe just after the Big Bang: 'A culmination of a decades-long quest',https://www.space.com/science/particle-physics/earths-largest-particle-accelerator-opens-new-window-into-the-early-universe-just-after-the-big-bang-a-culmination-of-a-decades-long-quest
2026-07-17T16:59:00+00:00,science,Scientific American,U.S. cities have the worst air quality in the world right now—here’s how to stay safe,https://www.scientificamerican.com/article/u-s-cities-have-the-worst-air-quality-in-the-world-right-now-heres-how-to-stay-safe/
2026-07-17T16:00:00+00:00,science,Space.com,"'The dawn of a new space era': Vikram-1, India's 1st private orbital rocket, aces debut launch",https://www.space.com/space-exploration/launches-spacecraft/skyroot-aerospace-india-first-private-orbital-launch-vikram-1
2026-07-17T15:00:29+00:00,science,Space.com,'The Starry Night' in space: Dark Energy Camera channels a cosmic Van Gogh (video),https://www.space.com/astronomy/stars/the-starry-night-in-space-dark-energy-camera-channels-a-cosmic-van-gogh-video
2026-07-17T14:14:44+00:00,science,ScienceDaily,Terraforming Mars may be more realistic than scientists once thought,https://www.sciencedaily.com/releases/2026/07/260714225535.htm
2026-07-17T14:00:00+00:00,science,Space.com,"Smoke from devastating Canada wildfires visible from space | Space photo of the day for July 17, 2026",https://www.space.com/astronomy/earth/smoke-from-devastating-canada-wildfires-visible-from-space-space-photo-of-the-day-for-july-17-2026
2026-07-17T13:58:52+00:00,science,ScienceDaily,“Silly sprinklers” help scientists finally solve Feynman’s famous sprinkler mystery,https://www.sciencedaily.com/releases/2026/07/260715083535.htm
2026-07-17T13:14:10+00:00,science,ScienceDaily,Tiny plastics in drinking water may be making dangerous bacteria stronger,https://www.sciencedaily.com/releases/2026/07/260714225532.htm
2026-07-17T13:00:00+00:00,science,Space.com,The Perseid meteor shower is here! How to see the best shooting stars this summer,https://www.space.com/stargazing/meteor-showers/the-perseid-meteor-shower-is-here-how-to-see-the-best-shooting-stars-this-summer
2026-07-17T12:02:39+00:00,science,ScienceDaily,Your fingers may hold a secret of human brain evolution,https://www.sciencedaily.com/releases/2026/07/260717033350.htm
2026-07-17T12:00:00+00:00,science,Space.com,"Astronauts just launched on a Soyuz rocket with an energy-drink ad on it, continuing a Russian tradition",https://www.space.com/space-exploration/launches-spacecraft/astronauts-just-launched-on-a-soyuz-rocket-with-an-energy-drink-ad-on-it-continuing-a-russian-tradition
2026-07-17T11:45:00+00:00,science,Scientific American,"See unprecedented images of Sunda clouded leopards, the ‘ghosts of the forest’",https://www.scientificamerican.com/article/see-unprecedented-images-of-sunda-clouded-leopards-the-ghosts-of-the-forest/
2026-07-17T11:00:00+00:00,science,NPR Science,A bug commonly sold at pet stores is helping scientists with a vexing task,https://www.npr.org/2026/07/17/nx-s1-5896494/superworms-clean-animal-specimens-skeleton-research
2026-07-17T10:45:00+00:00,science,Scientific American,What’s the longest total solar eclipse?,https://www.scientificamerican.com/article/whats-the-longest-total-solar-eclipse/
2026-07-17T10:00:00+00:00,science,Scientific American,Permanent daylight savings is bad for Americans’ health—here’s what science says could be better,https://www.scientificamerican.com/article/permanent-daylight-savings-is-bad-for-americans-health-heres-what-science-says-could-be-better/
2026-07-17T10:00:00+00:00,science,Space.com,"Are we underestimating the threat of solar storms? A 'once-in-a-thousand-year' disaster is worth considering, scientists say",https://www.space.com/astronomy/sun/are-we-underestimating-the-threat-of-solar-storms-a-once-in-a-thousand-year-disaster-is-worth-considering-scientists-say
2026-07-17T09:51:10+00:00,science,ScienceDaily,"Koalas nearly went extinct before humans arrived, DNA study reveals",https://www.sciencedaily.com/releases/2026/07/260715083551.htm
2026-07-17T09:00:00+00:00,science,Scientific American,Cyclospora outbreak linked to iceberg lettuce supplied to Taco Bell,https://www.scientificamerican.com/article/cyclospora-outbreak-linked-to-iceberg-lettuce-supplied-to-taco-bell/
2026-07-17T09:00:00+00:00,science,Scientific American,"Ancient Egyptian princesses were ‘powerful’ weapon users, new analysis suggests",https://www.scientificamerican.com/article/ancient-egyptian-princesses-were-powerful-weapon-users-new-analysis-suggests/
2026-07-17T08:59:35+00:00,science,ScienceDaily,Scientists tested 39 sweeteners and found unexpected gut effects,https://www.sciencedaily.com/releases/2026/07/260716023552.htm
2026-07-17T06:04:57+00:00,science,ScienceDaily,Scientists built a camera that can track invisible particles in 3D,https://www.sciencedaily.com/releases/2026/07/260716023610.htm
2026-07-17T03:09:42+00:00,science,ScienceDaily,New “living plastic” self-destructs in just 6 days without leaving microplastics,https://www.sciencedaily.com/releases/2026/07/260715083552.htm
2026-07-17T01:51:52+00:00,science,ScienceDaily,This sugar-coated therapy boosted survival against deadly brain cancer by 50% in mice,https://www.sciencedaily.com/releases/2026/07/260715083542.htm
2026-07-17T00:00:00+00:00,science,Nature,Briefing Chat: Sweet! Elusive sugar molecules found in space,https://www.nature.com/articles/d41586-026-02263-4
2026-07-17T00:00:00+00:00,science,Nature,Wearable sensors on the face are invisible to the eye,https://www.nature.com/articles/d41586-026-02193-1
2026-07-17T00:00:00+00:00,science,Nature,"Why pain hurts more when we’re lonely, and the myth of original sin: Books in brief",https://www.nature.com/articles/d41586-026-02264-3
2026-07-17T00:00:00+00:00,science,Nature,Can giant space mirrors boost green energy on Earth? A start-up aims to find out,https://www.nature.com/articles/d41586-026-02218-9
2026-07-17T00:00:00+00:00,science,Nature,Found: a rocky exoplanet with an atmosphere — could it host life?,https://www.nature.com/articles/d41586-026-02200-5
2026-07-17T00:00:00+00:00,science,Nature,Man’s ability to make sperm restored after testicular tissue transplant: what scientists think,https://www.nature.com/articles/d41586-026-02191-3
2026-07-17T00:00:00+00:00,science,Nature,Daily briefing: CRISPR gets an AI-designed upgrade,https://www.nature.com/articles/d41586-026-02272-3
2026-07-16T23:45:00+00:00,science,Scientific American,SpaceX’s latest Starship launch attempt ends in a scrub,https://www.scientificamerican.com/article/spacexs-latest-starship-launch-attempt-ends-in-a-scrub/
2026-07-16T23:12:01+00:00,science,Space.com,SpaceX's Starship Flight 13 test launch aborts at last second (video),https://www.space.com/space-exploration/launches-spacecraft/spacexs-starship-flight-13-test-launch-aborts-at-last-second-video
2026-07-16T20:32:27+00:00,science,NPR Science,Dangerous wildfire smoke continues to blanket parts of the U.S.,https://www.npr.org/2026/07/16/nx-s1-5894857/wildfire-smoke-fires-ontario-minnesota
2026-07-16T20:00:00+00:00,science,Space.com,Astronomers discover landslides on Pluto large enough to bury entire cities on Earth,https://www.space.com/astronomy/pluto/astronomers-discover-landslides-on-pluto-large-enough-to-bury-entire-cities-on-earth
2026-07-16T18:00:00+00:00,science,Scientific American,A super-Earth exoplanet’s leaking helium could be evidence of a complex atmosphere,https://www.scientificamerican.com/article/a-super-earth-exoplanets-leaking-helium-could-be-evidence-of-a-complex-atmosphere/
2026-07-16T18:00:00+00:00,science,Space.com,Astronomers discover 1st atmosphere around a rocky Earth-like planet in the habitable zone,https://www.space.com/astronomy/exoplanets/astronomers-discover-1st-atmosphere-around-a-rocky-earth-like-planet-in-the-habitable-zone
2026-07-16T17:07:18+00:00,science,Space.com,SpaceX stacks massive Starship rocket ahead of July 23's Flight 13 test launch (video),https://www.space.com/space-exploration/launches-spacecraft/spacex-stacks-massive-starship-rocket-ahead-of-todays-flight-13-test-launch-video
2026-07-16T17:00:00+00:00,science,Space.com,"An animated sci-fi rom-com wasn't on our wish list, but we'll be damned if 'Not Alone' doesn't look sweet, stylish, and hilarious",https://www.space.com/entertainment/space-movies-shows/an-animated-sci-fi-rom-com-wasnt-on-our-wish-list-but-well-be-damned-if-not-alone-doesnt-look-sweet-stylish-and-hilarious
2026-07-16T16:00:00+00:00,science,Space.com,Stephen Hawking's famous 'leaky' black hole theory gets much-needed update,https://www.space.com/astronomy/black-holes/stephen-hawkings-famous-leaky-black-hole-theory-gets-much-needed-update
2026-07-16T15:30:00+00:00,science,Scientific American,Speeding may be costing drivers far more than a ticket,https://www.scientificamerican.com/article/speeding-may-be-costing-drivers-far-more-than-a-ticket/
2026-07-16T15:00:00+00:00,science,Space.com,"After a lifetime of waiting, I'll finally witness a total solar eclipse next month on Aug. 12",https://www.space.com/stargazing/solar-eclipses/after-a-lifetime-of-waiting-ill-finally-witness-a-total-solar-eclipse-next-month-on-aug-12
2026-07-16T14:00:00+00:00,science,Scientific American,U.S. approval of giant ‘space mirror’ satellite alarms astronomers,https://www.scientificamerican.com/article/u-s-approval-of-giant-space-mirror-satellite-alarms-astronomers/
2026-07-16T14:00:00+00:00,science,Space.com,"A laser disappears into the Milky Way's heart | Space photo of the day for July 16, 2026",https://www.space.com/astronomy/a-laser-disappears-into-the-milky-ways-heart-space-photo-of-the-day-for-july-16-2026
2026-07-16T13:29:33+00:00,science,ScienceDaily,This ancient sea worm has “bio-metal” jaws unlike anything scientists have seen,https://www.sciencedaily.com/releases/2026/07/260714225530.htm
2026-07-16T12:37:26+00:00,science,ScienceDaily,Earth has a natural thermostat and scientists finally know how it works,https://www.sciencedaily.com/releases/2026/07/260715083527.htm
2026-07-16T12:00:00+00:00,science,Scientific American,FDA approves cholesterol pill more powerful than statins,https://www.scientificamerican.com/article/u-s-approves-pill-for-cholesterol-that-drives-levels-down-far-below-statins/
2026-07-16T12:00:00+00:00,science,Space.com,Is dark matter 'tuned in' to a hidden dimension?,https://www.space.com/astronomy/dark-universe/is-dark-matter-tuned-in-to-a-hidden-dimension
2026-07-16T12:00:00+00:00,science,Space.com,"SpaceX launches 21 'data transport' satellites for US military (video, photos)",https://www.space.com/space-exploration/launches-spacecraft/spacex-falcon-9-launch-sda-titl-3-military-satellites
2026-07-16T10:52:02+00:00,science,ScienceDaily,Sun-like star caught after eating one of its own planets,https://www.sciencedaily.com/releases/2026/07/260715083538.htm
2026-07-16T10:00:00+00:00,science,Scientific American,Watch SpaceX’s Starship Flight 13 launch tonight,https://www.scientificamerican.com/article/watch-spacexs-starship-flight-13-launch-tonight/
2026-07-16T10:00:00+00:00,science,Space.com,"SpaceX will launch Starship, the world's largest rocket, on critical Flight 13 test on July 23. Here's what to expect.",https://www.space.com/space-exploration/launches-spacecraft/spacex-starship-flight-13-starlink-v3-satellites
2026-07-16T08:25:19+00:00,science,ScienceDaily,"AI flags more than 250,000 suspicious cancer research papers",https://www.sciencedaily.com/releases/2026/07/260714225538.htm
2026-07-16T05:37:21+00:00,science,ScienceDaily,Scientists finally solved how a common gut bacterium triggers colon cancer,https://www.sciencedaily.com/releases/2026/07/260713084910.htm
2026-07-16T04:25:05+00:00,science,ScienceDaily,More than 400 sick as CDC searches for the source of a mystery outbreak,https://www.sciencedaily.com/releases/2026/07/260715083530.htm
2026-07-16T04:16:48+00:00,science,ScienceDaily,Quantum breakthrough links light and magnetism in atomically thin materials,https://www.sciencedaily.com/releases/2026/07/260715083523.htm
2026-07-16T00:00:00+00:00,science,Nature,Why do astronauts’ bodies waste away? Space-station study points to mitochondria,https://www.nature.com/articles/d41586-026-02089-0
2026-07-16T00:00:00+00:00,science,Nature,Daily briefing: Naked mole rat queens use a smell to stay on top,https://www.nature.com/articles/d41586-026-02261-6
2026-07-16T00:00:00+00:00,science,Nature,AI is set to completely transform cybersecurity — here’s how researchers must prepare,https://www.nature.com/articles/d41586-026-02214-z
2026-07-16T00:00:00+00:00,science,Nature,A global capital for AI safety is emerging — and it’s not in Silicon Valley,https://www.nature.com/articles/d41586-026-01389-9
2026-07-16T00:00:00+00:00,science,Nature,US politicians push agencies to restrict research collaboration with China,https://www.nature.com/articles/d41586-026-02226-9
2026-07-16T00:00:00+00:00,science,Nature,CRISPR gets a power boost from AI-designed ‘molecular scissors’,https://www.nature.com/articles/d41586-026-02217-w
2026-07-16T00:00:00+00:00,science,Nature,Will making ‘replication studies’ easier to find help science self-correct?,https://www.nature.com/articles/d41586-026-02175-3
2026-07-16T00:00:00+00:00,science,Nature,‘Explosive diarrhoea’ outbreak grips US: how researchers are hunting its source,https://www.nature.com/articles/d41586-026-02225-w
2026-07-15T22:00:00+00:00,science,Space.com,'Full steam ahead': NASA ramps up prep for Artemis III astronaut launch in 2027,https://www.space.com/space-exploration/artemis/full-steam-ahead-nasa-ramps-up-prep-for-artemis-iii-astronaut-launch-in-2027
2026-07-15T21:55:00+00:00,science,NPR Science,Fear and hope in Utah in the shadow of America's largest wildfire,https://www.npr.org/2026/07/15/nx-s1-5892509/fear-and-hope-in-utah-in-the-shadow-of-americas-largest-wildfire
2026-07-15T18:00:00+00:00,science,Scientific American,Scientists discover a ‘remarkable’ new monkey species with orange lips and a froglike roar,https://www.scientificamerican.com/video/scientists-discover-a-remarkable-new-monkey-species-with-orange-lips-and-a-froglike-roar/
2026-07-15T17:30:00+00:00,science,Scientific American,How to avoid getting cyclosporiasis—and why washing lettuce may not be enough,https://www.scientificamerican.com/article/how-to-avoid-getting-cyclosporiasis-and-why-washing-lettuce-may-not-be-enough/
2026-07-15T17:00:00+00:00,science,Scientific American,Mathematicians are closing in on the hidden order inside chaos,https://www.scientificamerican.com/article/mathematicians-are-closing-in-on-the-hidden-order-inside-chaos/
2026-07-15T15:16:35+00:00,science,NPR Science,Cancer disparities researchers say federal funding changes have disrupted their work,https://www.npr.org/2026/07/15/nx-s1-5893653/cancer-disparities-gaps-research-funding-grant-disruptions
2026-07-15T15:00:00+00:00,science,Scientific American,Trump’s latest CDC chief pick Erica Schwartz faces Senate confirmation hearing,https://www.scientificamerican.com/article/trumps-latest-cdc-chief-pick-erica-schwartz-faces-senate-confirmation-hearing/
2026-07-15T14:37:59+00:00,science,ScienceDaily,The hidden skeleton “gatekeeper” inside brain cells could help fight Alzheimer's,https://www.sciencedaily.com/releases/2026/07/260714225542.htm
2026-07-15T14:00:00+00:00,science,Scientific American,Indonesia’s new capital is changing the Borneo rainforest forever. Science is listening to the change,https://www.scientificamerican.com/video/indonesias-new-capital-is-changing-the-borneo-rainforest-forever-science-is-listening-to-the-change/
2026-07-15T13:47:30+00:00,science,ScienceDaily,This pet gecko could help scientists unlock the secrets of cancer,https://www.sciencedaily.com/releases/2026/07/260714225525.htm
2026-07-15T13:21:38+00:00,science,ScienceDaily,NASA captured the Black Sea turning brilliant turquoise from space,https://www.sciencedaily.com/releases/2026/07/260713084900.htm
2026-07-15T13:00:00+00:00,science,Scientific American,See the first x-rays of humans taken in space,https://www.scientificamerican.com/article/see-the-first-x-rays-of-humans-taken-in-space/
2026-07-15T12:21:11+00:00,science,ScienceDaily,"Archaeologists found Homer's Iliad inside a 1,600-year-old Egyptian mummy",https://www.sciencedaily.com/releases/2026/07/260713084918.htm
2026-07-15T12:00:00+00:00,science,Scientific American,Astronomers just accidentally spotted the faintest exoplanet ever seen from Earth,https://www.scientificamerican.com/article/astronomers-just-accidentally-spotted-the-faintest-exoplanet-ever-seen-from-earth/
2026-07-15T11:04:02+00:00,science,ScienceDaily,Are humans really the ultimate super-predator?,https://www.sciencedaily.com/releases/2026/07/260714225540.htm
2026-07-15T10:30:00+00:00,science,Scientific American,The Perseid meteor shower aligns with a total solar eclipse this year—here’s how to see it,https://www.scientificamerican.com/article/the-perseid-meteor-shower-aligns-with-a-total-solar-eclipse-this-year-heres-how-to-see-it/
2026-07-15T10:00:00+00:00,science,Scientific American,"August's solar eclipse inspires science involving jets, balloons and Einstein’s general theory of relativity",https://www.scientificamerican.com/article/augusts-solar-eclipse-inspires-science-involving-jets-balloons-and-einsteins-general-theory-of-relativity/
2026-07-15T06:30:25+00:00,science,ScienceDaily,Astronomers just found four hidden white dwarf stars near Earth,https://www.sciencedaily.com/releases/2026/07/260714225528.htm
2026-07-15T04:45:47+00:00,science,ScienceDaily,"Going to museums, movies, and theater may help your body stay younger",https://www.sciencedaily.com/releases/2026/07/260714225526.htm
2026-07-15T03:39:03+00:00,science,ScienceDaily,Scientists finally solved why some frogs survive a deadly fungus,https://www.sciencedaily.com/releases/2026/07/260714225523.htm
2026-07-15T00:24:05+00:00,science,ScienceDaily,Chewing bubble gum after beetroot may help lower blood pressure,https://www.sciencedaily.com/releases/2026/07/260713084904.htm
2026-07-15T00:00:00+00:00,science,Nature,Selectivity Emerges from Indiscriminate Photoreduction,https://www.nature.com/articles/s41586-026-10897-7
2026-07-15T00:00:00+00:00,science,Nature,An ATPγS recycling strategy for practical biocatalytic thiophosphorylation,https://www.nature.com/articles/s41586-026-10895-9
2026-07-15T00:00:00+00:00,science,Nature,The simple chemical that lets queen naked mole-rats 'rule',https://www.nature.com/articles/d41586-026-02186-0
2026-07-15T00:00:00+00:00,science,Nature,‘Holy grail’ of naked mole-rat research reveals how queens rule,https://www.nature.com/articles/d41586-026-02221-0
2026-07-15T00:00:00+00:00,science,Nature,Modular in vivo antibody–ADC click to reverse drug resistance in tumours,https://www.nature.com/articles/s41586-026-10789-w
2026-07-15T00:00:00+00:00,science,Nature,A queen odour mediates reproductive suppression in a eusocial mammal,https://www.nature.com/articles/s41586-026-10772-5
2026-07-15T00:00:00+00:00,science,Nature,Highly fragmented European wetlands with uneven restoration needs,https://www.nature.com/articles/s41586-026-10760-9
2026-07-15T00:00:00+00:00,science,Nature,Universal gates from braiding and fusing anyons on quantum hardware,https://www.nature.com/articles/s41586-026-10709-y
2026-07-15T00:00:00+00:00,science,Nature,Food systems transformation would reshape global agriculture,https://www.nature.com/articles/s41586-026-10775-2
2026-07-15T00:00:00+00:00,science,Nature,Quantum statistical plasmonic metacrystals,https://www.nature.com/articles/s41586-026-10782-3
2026-07-15T00:00:00+00:00,science,Nature,Ammonia pressure controls colloidal metal nitride synthesis in molten salts,https://www.nature.com/articles/s41586-026-10801-3
2026-07-15T00:00:00+00:00,science,Nature,Scalable quasi-pure MOF membranes for energy-efficient gas separations,https://www.nature.com/articles/s41586-026-10655-9
2026-07-15T00:00:00+00:00,science,Nature,A Bayesian framework for longitudinal EHR and genetic discovery,https://www.nature.com/articles/s41586-026-10780-5
2026-07-15T00:00:00+00:00,science,Nature,Programming fracture resistance in metamaterials via elastic instabilities,https://www.nature.com/articles/s41586-026-10804-0
2026-07-15T00:00:00+00:00,science,Nature,Regression to the mean can explain saturation of geomagnetic storms,https://www.nature.com/articles/s41586-026-10757-4
2026-07-15T00:00:00+00:00,science,Nature,Metabolite glues as a means of purine sensing and chemotherapeutic response,https://www.nature.com/articles/s41586-026-10790-3
2026-07-15T00:00:00+00:00,science,Nature,Rising dust pollution across Europe in a changing climate,https://www.nature.com/articles/s41586-026-10743-w
2026-07-15T00:00:00+00:00,science,Nature,"Rarely categorical, highly separable representations along the cortical hierarchy",https://www.nature.com/articles/s41586-026-10668-4
2026-07-15T00:00:00+00:00,science,Nature,People use fast and flat simulation to reason about new games,https://www.nature.com/articles/s41586-026-10722-1
2026-07-15T00:00:00+00:00,science,Nature,Cell-type signatures of Alzheimer’s disease shared across population groups,https://www.nature.com/articles/s41586-026-10793-0
2026-07-15T00:00:00+00:00,science,Nature,Ketogenic diet mediates intestinal tumorigenesis through lipids not ketones,https://www.nature.com/articles/s41586-026-10779-y
2026-07-15T00:00:00+00:00,science,Nature,Fractional high-Chern insulator in twisted rhombohedral graphene,https://www.nature.com/articles/s41586-026-10762-7
2026-07-15T00:00:00+00:00,science,Nature,An encyclopedia of human enhancer–gene regulatory interactions,https://www.nature.com/articles/s41586-026-10781-4
2026-07-15T00:00:00+00:00,science,Nature,Magnetic character of the low-energy enhancement in 70 Zn,https://www.nature.com/articles/s41586-026-10758-3
2026-07-15T00:00:00+00:00,science,Nature,GPC3-specific dnTGFβRII-armoured CAR T cells for hepatocellular carcinoma,https://www.nature.com/articles/s41586-026-10786-z
2026-07-15T00:00:00+00:00,science,Nature,"Catalyst-free, microdroplet-mediated waste plastic conversion to diacids",https://www.nature.com/articles/s41586-026-10746-7
2026-07-15T00:00:00+00:00,science,Nature,Graphene oxide-polydopamine membranes with controlled interlayer spacing,https://www.nature.com/articles/s41586-026-10765-4
2026-07-15T00:00:00+00:00,science,Nature,Relapse,https://www.nature.com/articles/d41586-026-02133-z
2026-07-15T00:00:00+00:00,science,Nature,How to end poverty and protect Earth: inside the debate tearing up economics,https://www.nature.com/articles/d41586-026-02216-x
2026-07-15T00:00:00+00:00,science,Nature,Improvements in educational opportunities go hand in hand with innovation,https://www.nature.com/articles/d41586-026-02016-3
2026-07-15T00:00:00+00:00,science,Nature,Beyond lithium: how sodium-ion batteries could change the world,https://www.nature.com/articles/d41586-026-02150-y
2026-07-15T00:00:00+00:00,science,Nature,Nucleotides act as ‘molecular glue’ and can sense their own abundance,https://www.nature.com/articles/d41586-026-01945-3
2026-07-15T00:00:00+00:00,science,Nature,AI avatars are reshaping society in China — the law is trying to catch up,https://www.nature.com/articles/d41586-026-01674-7
2026-07-15T00:00:00+00:00,science,Nature,Optical filter sorts light by its ‘quantum statistics’,https://www.nature.com/articles/d41586-026-02038-x
2026-07-15T00:00:00+00:00,science,Nature,How naked mole rat queens stop rivals reproducing,https://www.nature.com/articles/d41586-026-02168-2
2026-07-15T00:00:00+00:00,science,Nature,Doctored data sets could trick AI agents,https://www.nature.com/articles/d41586-026-02071-w
2026-07-15T00:00:00+00:00,science,Nature,Why there needs to be a global debate on inequality,https://www.nature.com/articles/d41586-026-02147-7
2026-07-15T00:00:00+00:00,science,Nature,"A high-fat, low-carbohydrate diet can feed intestinal tumours",https://www.nature.com/articles/d41586-026-02039-w
2026-07-15T00:00:00+00:00,science,Nature,Daily briefing: The battery that could change everything,https://www.nature.com/articles/d41586-026-02249-2
2026-07-15T00:00:00+00:00,science,Nature,Blue LEDs made from perovskite material shine bright thanks to hydrogen bonds,https://www.nature.com/articles/d41586-026-02161-9
2026-07-15T00:00:00+00:00,science,Nature,Biologists pinpoint how common virus triggers multiple sclerosis,https://www.nature.com/articles/d41586-026-02204-1
2026-07-14T20:00:00+00:00,science,Scientific American,Experimental immune therapy shows promise against deadly childhood brain cancer,https://www.scientificamerican.com/article/experimental-immune-therapy-shows-promise-against-deadly-childhood-brain-cancer/
2026-07-14T19:25:00+00:00,science,Scientific American,NASA’s Hubble reveals a black hole hiding inside a massive star cluster in the Milky Way,https://www.scientificamerican.com/article/nasas-hubble-reveals-a-black-hole-hiding-inside-a-massive-star-cluster-in-the-milky-way/
2026-07-14T17:50:00+00:00,science,Scientific American,"Prepare for dangerous air pollution in the Northeast, thanks to Minnesota wildfires",https://www.scientificamerican.com/article/prepare-for-dangerous-air-pollution-in-the-northeast-thanks-to-minnesota-wildfires/
2026-07-14T17:23:00+00:00,science,Scientific American,T. rex fossil named ‘Gus’ becomes the most expensive dinosaur sold at auction,https://www.scientificamerican.com/article/t-rex-fossil-named-gus-becomes-the-most-expensive-dinosaur-sold-at-auction/
2026-07-14T16:46:18+00:00,science,NPR Science,Environmental groups sue government to stop a big change to the Endangered Species Act,https://www.npr.org/2026/07/14/nx-s1-5891858/trump-esa-harm-endangered-species-act-threatened-lawsuit
2026-07-14T15:00:00+00:00,science,Scientific American,Did scientists just create synthetic life?,https://www.scientificamerican.com/article/did-scientists-just-create-synthetic-life/
2026-07-14T13:27:21+00:00,science,ScienceDaily,Eating chili peppers may raise the risk of one deadly cancer,https://www.sciencedaily.com/releases/2026/07/260713084921.htm
2026-07-14T12:30:00+00:00,science,Scientific American,ChatGPT just proved another 50-year-old math conjecture,https://www.scientificamerican.com/article/chatgpt-just-proved-another-50-year-old-math-conjecture/
2026-07-14T12:00:00+00:00,science,Scientific American,Here's the deal with 'corn sweat'—it's not all actually corn's fault,https://www.scientificamerican.com/article/heres-the-deal-with-corn-sweat-its-not-all-actually-corns-fault/
2026-07-14T09:47:41+00:00,science,ScienceDaily,Popular weight-loss drugs Ozempic and Wegovy may slow biological aging,https://www.sciencedaily.com/releases/2026/07/260713084907.htm
2026-07-14T00:00:00+00:00,science,Nature,Bird flu H5N1 in Australia: protect Australian species from bird flu virus,https://www.nature.com/articles/d41586-026-02188-y
2026-07-14T00:00:00+00:00,science,Nature,Academia should recognize community partnerships as having societal impact,https://www.nature.com/articles/d41586-026-02190-4
2026-07-14T00:00:00+00:00,science,Nature,The Enhanced Games and the normalization of doping: a public health concern,https://www.nature.com/articles/d41586-026-02189-x
2026-07-14T00:00:00+00:00,science,Nature,AI models: one country’s fears become everyone’s constraint,https://www.nature.com/articles/d41586-026-02187-z
2026-07-14T00:00:00+00:00,science,Nature,How the calendar came to be,https://www.nature.com/articles/d41586-026-02102-6
2026-07-14T00:00:00+00:00,science,Nature,‘Dark comet’ unmasked by its mysterious motions,https://www.nature.com/articles/d41586-026-02192-2
2026-07-13T23:00:00+00:00,science,Scientific American,We finally know the name of a Maya mathematician,https://www.scientificamerican.com/article/we-finally-know-the-name-of-a-maya-mathematician/
2026-07-13T21:05:00+00:00,science,Scientific American,Why have there been so many record-breaking heat waves this summer?,https://www.scientificamerican.com/article/why-have-there-been-so-many-record-breaking-heat-waves-this-summer/
2026-07-13T20:52:29+00:00,science,NPR Science,The White House aims to give political appointees more power over research funding,https://www.npr.org/2026/07/13/nx-s1-5888656/the-white-house-aims-to-give-political-appointees-more-power-over-research-funding
2026-07-13T19:00:00+00:00,science,Scientific American,Scientists overwhelmingly against rule change that would give political appointees say over science grants,https://www.scientificamerican.com/article/scientists-overwhelmingly-against-rule-change-that-would-give-political-appointees-say-over-science-grants/
2026-07-13T15:00:00+00:00,science,Scientific American,Scientists spot sugar in interstellar space for the first time ever,https://www.scientificamerican.com/article/scientists-spot-sugar-in-interstellar-space-for-the-first-time-ever/
2026-07-13T13:00:00+00:00,science,Scientific American,Mathematicians still don’t know the fastest way to multiply numbers,https://www.scientificamerican.com/article/mathematicians-still-dont-know-the-fastest-way-to-multiply-numbers/
2026-07-13T10:45:00+00:00,science,Scientific American,Scientists catch bacteria sharing proteins to survive antibiotics,https://www.scientificamerican.com/article/scientists-catch-bacteria-sharing-proteins-to-survive-antibiotics/
2026-07-13T10:00:00+00:00,science,NPR Science,Pythons' extreme biology may hold clues for treating human disease,https://www.npr.org/2026/07/13/nx-s1-5887668/pythons-metabolism-digestion-human-disease-treatment
2026-07-12T10:30:00+00:00,science,Scientific American,Deadly meat allergies from tick bites are on the rise. Should you be worried?,https://www.scientificamerican.com/article/deadly-meat-allergies-from-tick-bites-are-on-the-rise-should-you-be-worried/
2026-07-12T10:00:00+00:00,science,Scientific American,Is it a problem for cats to eat insects? Researchers are probing feline diets to find out,https://www.scientificamerican.com/article/is-it-a-problem-for-cats-to-eat-insects-researchers-are-probing-feline-diets-to-find-out/
2026-07-11T15:00:00+00:00,science,Scientific American,"How a 1,900-year-old latrine helps explain why Roman concrete lasts",https://www.scientificamerican.com/article/how-a-1-900-year-old-latrine-helps-explain-why-roman-concrete-lasts/
2026-07-11T11:00:00+00:00,science,Scientific American,Wimbledon 2026 opened with a 148 mph serve—here’s how tennis players' brains track such fast balls,https://www.scientificamerican.com/article/wimbledon-2026-opened-with-a-148-mph-serve-heres-how-tennis-players-brains-track-such-fast-balls/
2026-07-10T17:10:00+00:00,science,Scientific American,China’s Long March 10B rocket successfully launches—and lands—in a global spaceflight milestone,https://www.scientificamerican.com/article/chinas-long-march-10b-rocket-successfully-launches-and-lands-in-a-global-spaceflight-milestone/
2026-07-10T16:43:00+00:00,science,Scientific American,"Odds of a Super El Niño are rising, and that could have deadly consequences",https://www.scientificamerican.com/article/odds-of-a-super-el-nino-are-rising-and-that-could-have-deadly-consequences/
2026-07-21T14:00:00+00:00,culture-arts,ARTnews,"Pousette-Dart Foundation Receives Major Donation, Announces Search for Next Director",https://www.artnews.com/art-news/news/richard-pousette-dart-foundation-donation-director-search-1234792920/
2026-07-21T13:36:24+00:00,culture-arts,NYT Arts,Cristo Fernandez Talks Returning to Pro Soccer After “Ted Lasso”,https://www.nytimes.com/2026/07/21/arts/television/cristo-fernandez-dani-rojas-interview.html
2026-07-21T13:32:01+00:00,culture-arts,NYT Arts,7 Other ‘Odyssey’ Movie Adaptations to Stream Now,https://www.nytimes.com/2026/07/21/movies/the-odyssey-movie-adaptations.html
2026-07-21T13:00:46+00:00,culture-arts,The Guardian (Culture),Splatoon Raiders review – Nintendo’s inky shooter fades to grey,https://www.theguardian.com/games/2026/jul/21/splatoon-raiders-review-nintendo-switch-2
2026-07-21T13:00:00+00:00,culture-arts,ARTnews,"UK Culture Ministry’s Challenges Under New Prime Minister, Charlie Kirk Statue with No Funding, and More: Morning Links for July 21, 2026",https://www.artnews.com/art-news/news/uk-culture-ministry-new-prime-minister-morning-links-july-21-2026-1234792921/
2026-07-21T11:13:53+00:00,culture-arts,BBC Entertainment & Arts,How a former Blue Peter presenter stunned America's Got Talent judges,https://www.bbc.co.uk/news/articles/c5yw85q18njo?at_medium=RSS&at_campaign=rss
2026-07-21T10:57:43+00:00,culture-arts,NYT Arts,"‘Heated Rivalry,’ ‘Dukes,’ With Jane Wickline, and More Must-See Theater",https://www.nytimes.com/2026/07/20/theater/heated-rivalry-dukes-jane-wickline-othello-theater-picks.html
2026-07-21T10:51:57+00:00,culture-arts,NYT Arts,‘Les Misérables’ in Concert and More: A Show’s Never-Ending Life,https://www.nytimes.com/2026/07/21/theater/les-miserables-valjean-javert.html
2026-07-21T10:00:43+00:00,culture-arts,The Guardian (Culture),Social Darwinists to tech bros: tracing the long fight against equality in US,https://www.theguardian.com/books/2026/jul/21/kim-phillips-fein-country-of-lords
2026-07-21T10:00:43+00:00,culture-arts,The Guardian (Culture),‘His chords are like sheets of diamond ice’: the beguiling psych-folk of late cult songwriter Ed Askew,https://www.theguardian.com/music/2026/jul/21/ed-askew-psych-folk-bill-callahan
2026-07-21T10:00:38+00:00,culture-arts,Hyperallergic,Luis Manuel Otero Alcántara Is Free,https://hyperallergic.com/luis-manuel-otero-alcantara-is-free/
2026-07-21T09:02:20+00:00,culture-arts,NYT Arts,"Like It or Not, Summer Means Storytime at Ballet Theater",https://www.nytimes.com/2026/07/21/arts/dance/american-ballet-theater-summer-dancer-standouts.html
2026-07-21T09:02:11+00:00,culture-arts,NYT Arts,Bill Maher Feuded With Trump. Did He Get the Last Laugh?,https://www.nytimes.com/2026/07/21/magazine/bill-maher-trump-mark-twain-prize.html
2026-07-21T09:01:59+00:00,culture-arts,NYT Arts,"Hot, Uncomfortable, Matchless: Opera Pilgrims Can’t Quit Bayreuth",https://www.nytimes.com/2026/07/21/arts/music/bayreuth-wagner-150.html
2026-07-21T09:01:07+00:00,culture-arts,NYT Arts,When Listening to Music Was a Team Sport,https://www.nytimes.com/2026/07/21/arts/design/art-of-noise-cooper-hewitt-smithsonian-design.html
2026-07-21T09:00:07+00:00,culture-arts,The Guardian (Culture),"The Odyssey: jaw-dropping action, dark magic and dolphin cameos – discuss with spoilers",https://www.theguardian.com/film/2026/jul/21/odyssey-christopher-nolan-discussion
2026-07-21T08:43:16+00:00,culture-arts,NYT Arts,"As Budget Cuts Loom, French Theater Turns Up the Political Heat",https://www.nytimes.com/2026/07/20/theater/france-theater-cuts-politics-avignon-festival.html
2026-07-21T07:44:58+00:00,culture-arts,NYT Arts,Seth Meyers Calls Trump ‘The Sports Reaper’,https://www.nytimes.com/2026/07/21/arts/television/late-night-trump-soccer-fifa-curse.html
2026-07-21T06:00:02+00:00,culture-arts,The Guardian (Culture),"‘Witty, engaging and absurd’: LensCulture critics’ choice award winners – in pictures",https://www.theguardian.com/artanddesign/gallery/2026/jul/21/lensculture-critics-choice-award-winners-in-pictures
2026-07-21T06:00:02+00:00,culture-arts,The Guardian (Culture),Cool Machine by Colson Whitehead review – final part of the Harlem Trilogy is freewheeling fun,https://www.theguardian.com/books/2026/jul/21/cool-machine-by-colson-whitehead-review-final-part-of-the-harlem-trilogy-is-freewheeling-fun
2026-07-21T04:00:08+00:00,culture-arts,The Guardian (Culture),"‘New Girl was so scary I had to stop smoking pot’: Jake Johnson on perseverance, pickleball and Prince",https://www.theguardian.com/film/2026/jul/21/new-girl-was-so-scary-i-had-to-stop-smoking-pot-jake-johnson-on-perseverance-pickleball-and-prince
2026-07-20T23:06:04+00:00,culture-arts,BBC Entertainment & Arts,"'I made £100,000 of TikTok sales in one day': The business of live shopping",https://www.bbc.co.uk/news/articles/cm2j22w8k0po?at_medium=RSS&at_campaign=rss
2026-07-20T22:24:04+00:00,culture-arts,Hyperallergic,A Homerist’s Review of “The Odyssey”,https://hyperallergic.com/a-homerists-review-of-the-odyssey/
2026-07-20T21:33:54+00:00,culture-arts,NYT Arts,"‘House of the Dragon’ Season 3, Episode 5 Recap: Under Pressure",https://www.nytimes.com/2026/07/19/arts/television/house-of-the-dragon-recap-season-3-episode-5.html
2026-07-20T20:53:11+00:00,culture-arts,Hyperallergic,A Homerist Reacts to Christopher Nolan’s “The Odyssey”,https://hyperallergic.com/a-homerist-reacts-to-christopher-nolans-the-odyssey/
2026-07-20T20:50:21+00:00,culture-arts,Hyperallergic,New Museum's Shiny New Building Leaks During Flash Floods,https://hyperallergic.com/new-museums-shiny-new-building-leaks-during-flash-floods/
2026-07-20T20:30:45+00:00,culture-arts,Hyperallergic,Cuban Artist Luis Manuel Otero Alcántara Exiled to the US,https://hyperallergic.com/cuban-artist-luis-manuel-otero-alcantara-exiled-to-the-us/
2026-07-20T19:48:13+00:00,culture-arts,BBC Entertainment & Arts,Paramount and Warner Bros mega merger paused by judge,https://www.bbc.co.uk/news/articles/c5ywxy41vg6o?at_medium=RSS&at_campaign=rss
2026-07-20T19:46:32+00:00,culture-arts,NYT Arts,White House Adds Jefferson Statue to the Rose Garden,https://www.nytimes.com/2026/07/20/arts/design/thomas-jefferson-statue-rose-garden-white-house.html
2026-07-20T19:31:57+00:00,culture-arts,ARTnews,"Christine Borland, Artist Who Researched Histories of Science and Medicine, Dies at 60",https://www.artnews.com/art-news/news/christine-borland-research-artist-dead-1234792817/
2026-07-20T19:30:29+00:00,culture-arts,ARTnews,"Vienna Will Get a New Art Fair in September, After Cancelation of City’s Main Two Fairs",https://www.artnews.com/art-news/market/astoria-artshow-vienna-new-fair-1234792859/
2026-07-20T19:21:15+00:00,culture-arts,ARTnews,"V&A Museum’s Head of Academic Programs Quits Citing ‘Racist’ Behavior of Staff, Newly Revealed Letter Shows",https://www.artnews.com/art-news/news/vas-head-academic-programmes-quit-over-racist-behavior-letter-1234792810/
2026-07-20T19:16:26+00:00,culture-arts,ARTnews,"New York Gallery The Hole Sued by Artists for Nearly $50,000 in Outstanding Payments",https://www.artnews.com/art-news/news/new-york-gallery-the-hole-sued-by-artists-outstanding-payments-1234792800/
2026-07-20T18:46:08+00:00,culture-arts,ARTnews,"David Zwirner Closes Upper East Side Gallery, Consolidating Manhattan Footprint",https://www.artnews.com/art-news/market/david-zwirner-closes-upper-east-side-gallery-1234792819/
2026-07-20T18:31:54+00:00,culture-arts,ARTnews,"2,500-Year-Old Necropolis Discovered Under Italian Pasta Factory",https://www.artnews.com/art-news/news/2500-year-old-necropolis-found-under-italian-pasta-factory-1234792812/
2026-07-20T18:03:21+00:00,culture-arts,The Guardian (Culture),Judge orders pause on Paramount-Warner merger after challenge from 12 states,https://www.theguardian.com/film/2026/jul/20/judge-pause-paramount-warner-bros-merger
2026-07-20T18:01:23+00:00,culture-arts,NYT Arts,"‘Ransom Canyon,’ and 5 More Shows to Watch on TV This Week",https://www.nytimes.com/2026/07/20/arts/television/ransom-canyon-tv-shows-to-watch.html
2026-07-20T17:57:01+00:00,culture-arts,NYT Arts,"Dave Dawson, Co-Founder of Bespoke Lighting Company Urban Electric, Dies at 53",https://www.nytimes.com/2026/07/20/arts/design/dave-dawson-dead.html
2026-07-20T17:48:25+00:00,culture-arts,BBC Entertainment & Arts,Beatles tour fans spot Sir Paul at traffic lights,https://www.bbc.co.uk/news/articles/cg7mglmgnvjo?at_medium=RSS&at_campaign=rss
2026-07-20T17:24:44+00:00,culture-arts,BBC Entertainment & Arts,How different is watching a film in IMAX?,https://www.bbc.co.uk/news/videos/c8xne47w4v4o?at_medium=RSS&at_campaign=rss
2026-07-20T17:19:16+00:00,culture-arts,ARTnews,"After Days of Uncertainty, Cuban Artist Luis Manuel Otero Alcántara Arrives in Miami",https://www.artnews.com/art-news/news/luis-manuel-otero-alcantara-miami-cuba-prison-release-1234792805/
2026-07-20T17:07:17+00:00,culture-arts,Hyperallergic,The Sunflower Effect of Kyung-Me,https://hyperallergic.com/the-sunflower-effect-of-kyung-me/
2026-07-20T16:59:04+00:00,culture-arts,ARTnews,"Flash Flooding at the New Museum, Legionnaires Outbreak in NYC Continues, and More: Morning Links for July 20, 2026",https://www.artnews.com/art-news/news/legionnaires-outbreak-in-nyc-morning-links-for-july-20-2026-1234792802/
2026-07-20T16:49:44+00:00,culture-arts,NYT Arts,Cat Cohen Turned Her Stroke Into a Punchline and Off Broadway Show,https://www.nytimes.com/2026/07/20/theater/cat-cohen-broad-strokes-comedy.html
2026-07-20T16:35:22+00:00,culture-arts,The Guardian (Culture),Apple Crumble: a tasty Knives Out-inspired mystery that lets you snoop on your own family,https://www.theguardian.com/games/2026/jul/20/apple-crumble-knives-out-inspired-mystery-game
2026-07-20T16:33:11+00:00,culture-arts,Hyperallergic,Activists Sue to Stop Frida Kahlo Works From Leaving Mexico,https://hyperallergic.com/activists-sue-to-stop-frida-kahlo-works-from-leaving-mexico/
2026-07-20T16:32:26+00:00,culture-arts,NYT Arts,"To Sell Homer’s ‘Odyssey,’ Book Publishers Get Creative",https://www.nytimes.com/2026/07/20/books/odyssey-book-editions.html
2026-07-20T16:18:51+00:00,culture-arts,NYT Arts,Want More of the ‘Odyssey’? Read These Books Next.,https://www.nytimes.com/2026/07/17/books/the-odyssey-books.html
2026-07-20T16:05:06+00:00,culture-arts,Hyperallergic,Trump Whitewashes George Washington’s Slavery History in New Display,https://hyperallergic.com/trump-whitewashes-george-washingtons-slavery-history-in-new-display/
2026-07-20T15:30:45+00:00,culture-arts,Hyperallergic,Open Call 2027: Jentel Artist Residency,https://hyperallergic.com/open-call-2027-jentel-artist-residency/
2026-07-20T15:08:23+00:00,culture-arts,NYT Arts,"What to Know Before Seeing ‘The Odyssey’: Plot, Characters and More",https://www.nytimes.com/2026/07/18/movies/the-odyssey-plot-characters-trojan-war.html
2026-07-20T14:43:25+00:00,culture-arts,NYT Arts,"First World Cup Halftime Show: Lots of Stars, Little Purpose",https://www.nytimes.com/2026/07/19/arts/music/world-cup-halftime-show-review.html
2026-07-20T14:17:20+00:00,culture-arts,The Guardian (Culture),Avengers: Doomsday trailer reveals star-packed Marvel adventure,https://www.theguardian.com/film/2026/jul/20/avengers-doomsday-trailer
2026-07-20T14:00:43+00:00,culture-arts,The Guardian (Culture),"Toronto film festival: Helen Mirren, Chris Rock and Seth Rogen lead lineup",https://www.theguardian.com/film/2026/jul/20/toronto-film-festival-helen-mirren-chris-rock-seth-rogen
2026-07-20T13:42:04+00:00,culture-arts,BBC Entertainment & Arts,Ofcom launches investigation into Married at First Sight UK,https://www.bbc.co.uk/news/articles/c4gyyx2zg59o?at_medium=RSS&at_campaign=rss
2026-07-20T13:41:55+00:00,culture-arts,NYT Arts,Greece Hopes Andy Burnham Will Return the Parthenon Sculptures,https://www.nytimes.com/2026/07/20/arts/greece-andy-burnham-parthenon-sculptures.html
2026-07-20T13:38:13+00:00,culture-arts,NYT Arts,The World Cup Halftime Show Had Star Power. But the Style Missed the Point.,https://www.nytimes.com/2026/07/20/style/world-cup-halftime-show-fashion.html
2026-07-20T13:33:26+00:00,culture-arts,NYT Arts,"‘National Treasure,’ the Over-Engineered, Delightfully Dumb U.S. History Lesson",https://www.nytimes.com/2026/07/20/movies/national-treasure-nicolas-cage.html
2026-07-20T12:58:17+00:00,culture-arts,The Guardian (Culture),‘We didn’t want him to be punchable!’: Matthew Broderick and Alan Ruck on Ferris Bueller’s Day Off,https://www.theguardian.com/culture/2026/jul/20/matthew-broderick-alan-ruck-on-ferris-buellers-day-off
2026-07-20T12:51:37+00:00,culture-arts,NYT Arts,Here’s What Greeks Think of Christopher Nolan’s ‘The Odyssey’,https://www.nytimes.com/2026/07/20/movies/the-odyssey-movie-greece.html
2026-07-20T12:17:13+00:00,culture-arts,The Guardian (Culture),"Sex, beds and grisly executions: what Christopher Nolan’s The Odyssey changed, invented – and left out",https://www.theguardian.com/film/2026/jul/20/the-odyssey-what-christopher-nolan-changed-invented-left-out
2026-07-20T11:22:28+00:00,culture-arts,BBC Entertainment & Arts,Former World's Strongest Man to become a Gladiator,https://www.bbc.co.uk/news/articles/c330e0jg6vlo?at_medium=RSS&at_campaign=rss
2026-07-20T10:32:54+00:00,culture-arts,BBC Entertainment & Arts,Tributes paid to influential soul singer Ray King,https://www.bbc.co.uk/news/articles/cg7mg4ev8vko?at_medium=RSS&at_campaign=rss
2026-07-20T10:00:54+00:00,culture-arts,The Guardian (Culture),Acting the fool: why have Hollywood press tours become so gimmicky?,https://www.theguardian.com/film/2026/jul/20/hollywood-press-tours-gimmicky
2026-07-20T10:00:43+00:00,culture-arts,Hyperallergic,A Stolen Dove Takes Flight Again,https://hyperallergic.com/7/
2026-07-20T09:01:50+00:00,culture-arts,NYT Arts,What to Know About the Preliminary Hearing in D4vd’s Murder Case,https://www.nytimes.com/2026/07/20/arts/music/d4vd-preliminary-hearing-murder.html
2026-07-20T09:01:07+00:00,culture-arts,NYT Arts,The Nerves and Thrills of Being a ‘Swan Lake’ Extra,https://www.nytimes.com/2026/07/20/arts/dance/swan-lake-american-ballet-theater-extra-supernumerary.html
2026-07-20T09:00:51+00:00,culture-arts,The Guardian (Culture),"‘Justice, morality and triumph’: why Matilda is my feelgood movie",https://www.theguardian.com/film/2026/jul/20/why-matilda-is-my-feelgood-movie
2026-07-20T09:00:24+00:00,culture-arts,NYT Arts,Cinephiles Took Their Own Journeys to See ‘The Odyssey’ in IMAX 70mm,https://www.nytimes.com/2026/07/20/movies/odyssey-imax-70mm-theaters.html
2026-07-20T07:30:13+00:00,culture-arts,BBC Entertainment & Arts,Broadcaster and journalist Edward Stourton dies aged 68,https://www.bbc.co.uk/news/articles/c20d4j4v9g9o?at_medium=RSS&at_campaign=rss
2026-07-20T07:16:16+00:00,culture-arts,The Guardian (Culture),Shania Twain: Little Miss Twain review – rootsy revival strays from the dirt track to the middle of the road,https://www.theguardian.com/music/2026/jul/20/shania-twain-little-miss-twain-review
2026-07-20T05:09:05+00:00,culture-arts,BBC Entertainment & Arts,Maternity scandal to be dramatised in new series,https://www.bbc.co.uk/news/articles/cj9djljr43lo?at_medium=RSS&at_campaign=rss
2026-07-20T04:00:46+00:00,culture-arts,The Guardian (Culture),"‘Everything I know about evil I learned in that small town’: John Carpenter on terrifying the world with Halloween, The Thing and The Fog",https://www.theguardian.com/lifeandstyle/2026/jul/20/everything-i-know-about-evil-i-learned-in-that-small-town-john-carpenter-on-terrifying-the-world-with-halloween-the-thing-and-the-fog
2026-07-20T03:21:17+00:00,culture-arts,NYT Arts,How Kerry Washington and Whitney White Are Honoring Whoopi Goldberg Through Theater,https://www.nytimes.com/2026/07/19/theater/whoopi-goldberg-kerry-washington-whoopi-monologues.html
2026-07-20T00:23:07+00:00,culture-arts,NYT Arts,It Was a Crowded and Contested World Cup Halftime Show,https://www.nytimes.com/2026/07/18/arts/music/world-cup-halftime-show.html
2026-07-19T23:37:49+00:00,culture-arts,NYT Arts,The Surprising Parallels Between ‘The Odyssey’ and ‘Oppenheimer’,https://www.nytimes.com/video/movies/100000010926537/odyssey-oppenheimer.html
2026-07-19T22:16:39+00:00,culture-arts,BBC Entertainment & Arts,"Shakira, Madonna, Justin Bieber and BTS perform at colourful World Cup half-time show",https://www.bbc.co.uk/news/articles/clyxjl0wkl7o?at_medium=RSS&at_campaign=rss
2026-07-19T21:36:51+00:00,culture-arts,NYT Arts,Here’s the latest.,https://www.nytimes.com/live/2026/07/19/arts/world-cup-halftime-show/heres-the-latest
2026-07-19T19:45:04+00:00,culture-arts,NYT Arts,Burna Boy is one of the biggest stars to emerge from Africa.,https://www.nytimes.com/live/2026/07/19/arts/world-cup-halftime-show/burna-boy-is-one-of-the-biggest-stars-to-emerge-from-africa
2026-07-19T19:40:04+00:00,culture-arts,NYT Arts,Gustavo Dudamel will lead a tribute to victims in Venezuela.,https://www.nytimes.com/live/2026/07/19/arts/world-cup-halftime-show/gustavo-dudamel-will-lead-a-tribute-to-victims-in-venezuela
2026-07-19T19:35:04+00:00,culture-arts,NYT Arts,Justin Bieber’s year has been filled with high-profile performances.,https://www.nytimes.com/live/2026/07/19/arts/world-cup-halftime-show/justin-biebers-year-has-been-filled-with-high-profile-performances
2026-07-19T19:30:28+00:00,culture-arts,NYT Arts,Shakira’s ‘Dai Dai’ is the official anthem of the tournament.,https://www.nytimes.com/live/2026/07/19/arts/world-cup-halftime-show/shakiras-dai-dai-is-the-official-anthem-of-the-tournament
2026-07-19T19:30:27+00:00,culture-arts,NYT Arts,"Madonna, a veteran of big stages, just released a new album.",https://www.nytimes.com/live/2026/07/19/arts/world-cup-halftime-show/madonna-a-veteran-of-big-stages-just-released-a-new-album
2026-07-19T19:30:27+00:00,culture-arts,NYT Arts,BTS brings K-pop to a global stage.,https://www.nytimes.com/live/2026/07/19/arts/world-cup-halftime-show/bts-brings-k-pop-to-a-global-stage
2026-07-19T16:59:05+00:00,culture-arts,NYT Arts,"The Internet’s Steve Lacy, Syd and Matt Martians Discuss New Music",https://www.nytimes.com/2026/07/17/arts/music/internet-syd-steve-lacy-interview.html
2026-07-19T16:54:07+00:00,culture-arts,NYT Arts,"‘The Odyssey’ Brings in $124.5 Million at the Box Office, Powered by Christopher Nolan",https://www.nytimes.com/2026/07/19/business/media/the-odyssey-box-office-christopher-nolan.html
2026-07-19T09:57:53+00:00,culture-arts,The Guardian (Culture),Bad Bunny concert in Milan abandoned because of hailstorm,https://www.theguardian.com/music/2026/jul/19/bad-bunny-milan-abandoned-hailstorm
2026-07-19T08:26:02+00:00,culture-arts,BBC Entertainment & Arts,Bruno Mars has an unexpected opening before Wembley party starts,https://www.bbc.co.uk/news/articles/cyv0vvg1pqdo?at_medium=RSS&at_campaign=rss
2026-07-19T03:25:32+00:00,culture-arts,NYT Arts,The Rediscovery of Country Original Gary Stewart,https://www.nytimes.com/2026/07/17/arts/music/gary-stewart-country-music.html
2026-07-18T19:45:48+00:00,culture-arts,NYT Arts,‘Heartstopper Forever’: What to Know Before Seeing the Movie,https://www.nytimes.com/2026/07/17/movies/heartstopper-forever-movie-what-to-know.html
2026-07-18T19:18:32+00:00,culture-arts,NYT Arts,"Joe Melson, 91, Dies; Wrote ‘Only the Lonely’ and Other Hits With Roy Orbison",https://www.nytimes.com/2026/07/18/arts/music/joe-melson-dead.html
2026-07-18T14:27:22+00:00,culture-arts,NYT Arts,5 New Movies Our Critics Are Talking About This Week,https://www.nytimes.com/2026/07/17/movies/new-movies-this-week-critics.html
2026-07-18T10:00:56+00:00,culture-arts,Hyperallergic,"Edwin Church, Peter Hujar, Looted Art",https://hyperallergic.com/edward-church-peter-hujar-looted-art/
2026-07-18T09:10:25+00:00,culture-arts,BBC Entertainment & Arts,Signed Hockney print found in a book sells for £41K,https://www.bbc.co.uk/news/articles/c62v5dz5zj8o?at_medium=RSS&at_campaign=rss
2026-07-18T09:01:34+00:00,culture-arts,NYT Arts,Blockbuster Summer Movies for the Hottest Summer Ever,https://www.nytimes.com/2026/07/18/arts/hottest-summer-blockbuster-movies-sketch.html
2026-07-18T09:00:45+00:00,culture-arts,NYT Arts,Lindsay Hubbard Prefers a Long-Distance Boyfriend,https://www.nytimes.com/2026/07/18/arts/television/lindsay-hubbard-in-the-city-interview.html
2026-07-18T06:05:22+00:00,culture-arts,BBC Entertainment & Arts,Is the fear of unintentionally going viral changing clubbing for Gen Z?,https://www.bbc.co.uk/news/articles/cgmdk0k8dxzo?at_medium=RSS&at_campaign=rss
2026-07-18T05:12:20+00:00,culture-arts,BBC Entertainment & Arts,'Wham! concerts changed lives in China' - Ridgeley,https://www.bbc.co.uk/news/articles/c78glnk524lo?at_medium=RSS&at_campaign=rss
2026-07-18T00:33:47+00:00,culture-arts,BBC Entertainment & Arts,Gracie Abrams captures pain of early adulthood in new album - but you're left wanting more,https://www.bbc.co.uk/news/articles/c20y0we8nz1o?at_medium=RSS&at_campaign=rss
2026-07-17T23:40:03+00:00,culture-arts,BBC Entertainment & Arts,16 World Cup viral moments - from Posh Spice's nonchalance to Haaland's bromance,https://www.bbc.co.uk/news/articles/cdr4rrzypymo?at_medium=RSS&at_campaign=rss
2026-07-17T22:14:12+00:00,culture-arts,BBC Entertainment & Arts,Kim Jong Un was meant to be their only idol - then North Koreans discovered K-pop,https://www.bbc.co.uk/news/articles/c0jygjezvlwo?at_medium=RSS&at_campaign=rss
2026-07-17T18:44:39+00:00,culture-arts,Hyperallergic,A Living Memorial to Palestinian Activist Alex Odeh Takes Flight,https://hyperallergic.com/a-living-memorial-to-palestinian-activist-alex-odeh-takes-flight/
2026-07-17T18:41:28+00:00,culture-arts,Hyperallergic,Trevor Winkfield’s Cheerfully Sinister Worlds,https://hyperallergic.com/trevor-winkfields-cheerfully-sinister-worlds/
2026-07-17T18:32:51+00:00,culture-arts,NYT Arts,Has the World Cup Turned Me Into … a Sports Guy?,https://www.nytimes.com/2026/07/17/arts/television/world-cup.html
2026-07-17T18:30:53+00:00,culture-arts,Hyperallergic,Man Sentenced to 20 Years for Fatally Stabbing NYC Vogue Dancer,https://hyperallergic.com/man-sentenced-to-20-years-for-fatally-stabbing-nyc-vogue-dancer/
2026-07-17T18:16:01+00:00,culture-arts,NYT Arts,X and Music Publishers Retreat From Lawsuits,https://www.nytimes.com/2026/07/17/arts/music/x-music-lawsuits.html
2026-07-17T18:03:16+00:00,culture-arts,NYT Arts,My 5 Favorite Places for Art in Venice,https://www.nytimes.com/2026/07/17/arts/design/my-5-favorite-places-for-art-in-venice.html
2026-07-17T17:59:14+00:00,culture-arts,Hyperallergic,Zendaya’s Earrings Are Part of a Much Bigger Problem,https://hyperallergic.com/zendayas-earrings-are-part-of-a-much-bigger-problem/
2026-07-17T17:41:57+00:00,culture-arts,NYT Arts,"Brenda Fricker, First Irish Actress to Win an Oscar, Dies at 81",https://www.nytimes.com/2026/07/17/movies/brenda-fricker-dead.html
2026-07-17T17:18:02+00:00,culture-arts,NYT Arts,"Mark Morris: A Little Bit Country, a Little Bit Jazz",https://www.nytimes.com/2026/07/17/arts/dance/mark-morris-dances-to-american-music.html
2026-07-17T17:07:24+00:00,culture-arts,BBC Entertainment & Arts,"Bayeux Tapestry in 'wonderful state' after journey to London, French minister says",https://www.bbc.co.uk/news/articles/c4gjd9qww1eo?at_medium=RSS&at_campaign=rss
2026-07-17T16:23:39+00:00,culture-arts,NYT Arts,Christopher Nolan on ‘The Odyssey’ and IMAX Technical Challenges,https://www.nytimes.com/2026/07/17/movies/the-odyssey-christopher-nolan.html
2026-07-17T16:09:31+00:00,culture-arts,The Guardian (Culture),Jill Scott review – joyous phones-free show is a taste of how all concerts should be,https://www.theguardian.com/music/2026/jul/17/jill-scott-concert-review
2026-07-17T15:56:27+00:00,culture-arts,NYT Arts,‘The Real World’ and Nathan Fielder Can Both Thank Ross McElwee,https://www.nytimes.com/2026/07/17/movies/ross-mcelwee-the-real-world-nathan-fielder.html
2026-07-17T15:00:05+00:00,culture-arts,NYT Arts,‘Obsession’ and Other Horror Movies to Stream Now,https://www.nytimes.com/2026/07/17/movies/five-horror-movies-to-stream-now.html
2026-07-17T14:28:15+00:00,culture-arts,NYT Arts,‘Heartstopper Forever’ Review: Facing a Grown-Up Reality,https://www.nytimes.com/2026/07/17/movies/heartstopper-forever-review.html
2026-07-17T14:10:51+00:00,culture-arts,NYT Arts,"The Burning, Bleeding, Breathing Art of Ana Mendieta",https://www.nytimes.com/2026/07/17/arts/design/ana-mendieta-tate-modern.html
2026-07-17T09:02:34+00:00,culture-arts,NYT Arts,Five Free Movies to Stream Now,https://www.nytimes.com/2026/07/17/movies/five-free-movies-to-stream-now.html
2026-07-17T09:01:05+00:00,culture-arts,NYT Arts,‘Shifters’ Review: Fast-Forwarding Through a Predictable Romance,https://www.nytimes.com/2026/07/17/theater/shifters-review.html
2026-07-17T07:01:00+00:00,culture-arts,The Guardian (Culture),Heartstopper Forever review – sanitized sex scenes won’t let the Netflix lovebirds grow up,https://www.theguardian.com/film/2026/jul/17/heartstopper-forever-movie-review
2026-07-17T07:00:13+00:00,culture-arts,NYT Arts,Late Night Is Amused by Alleged White House Teleprompter Grift,https://www.nytimes.com/2026/07/17/arts/television/late-night-trump-teleprompter-operator-bets.html
2026-07-17T07:00:01+00:00,culture-arts,The Guardian (Culture),Castlevania: Belmont’s Curse - Konami classic rises again from Paris sewers and Joan of Arc is a boss,https://www.theguardian.com/games/2026/jul/17/castlevania-belmonts-curse-komani-classic-paris-joan-of-arc-is-a-boss
2026-07-17T04:54:09+00:00,culture-arts,BBC Entertainment & Arts,The 85-year-old living in her own art installation,https://www.bbc.co.uk/news/articles/crel1g1j957o?at_medium=RSS&at_campaign=rss
2026-07-16T23:12:59+00:00,culture-arts,NYT Arts,"Dave Kendall, Creator and Host of MTV’s ‘120 Minutes,’ Dies at 63",https://www.nytimes.com/2026/07/16/arts/television/dave-kendall-dead.html
2026-07-16T22:06:55+00:00,culture-arts,NYT Arts,Chloe Fineman Is Leaving ‘S.N.L.’ After 7 Seasons,https://www.nytimes.com/2026/07/16/arts/television/chloe-fineman-leaves-snl.html
2026-07-16T15:40:32+00:00,culture-arts,NYT Arts,Isabelle Huppert Speaks Across a Language Divide at the Avignon Festival,https://www.nytimes.com/2026/07/16/theater/avignon-festival-han-kang-isabelle-huppert-lee-hye-young.html
2026-07-16T14:55:45+00:00,culture-arts,NYT Arts,Why Netflix’s ‘The Polygamist’ Has Viewers Outside South Africa Talking,https://www.nytimes.com/2026/07/16/world/africa/netflix-the-polygamist-south-africa.html
2026-07-16T14:19:08+00:00,culture-arts,NYT Arts,"Akihiro Miwa, Actor and Singer With Gender-Fluid Glamour, Dies at 91",https://www.nytimes.com/2026/07/16/movies/akihiro-miwa-dead.html
2026-07-16T09:03:11+00:00,culture-arts,NYT Arts,‘American Pachuco: The Legend of Luis Valdez’ Review: A Rebel With a Cause,https://www.nytimes.com/2026/07/16/movies/american-pachucho-the-legend-of-luis-valdez-review.html
2026-07-16T06:00:15+00:00,culture-arts,The Guardian (Culture),Emergencies on planet Earth: images from the climate crisis – in pictures,https://www.theguardian.com/artanddesign/gallery/2026/jul/16/emergencies-on-planet-earth-images-from-the-climate-crisis-in-pictures
2026-07-15T17:04:58+00:00,culture-arts,BBC Entertainment & Arts,"The Odyssey is a 'colossal piece of cinema', critics say in rave reviews",https://www.bbc.co.uk/news/articles/c20y0rn9052o?at_medium=RSS&at_campaign=rss
2026-07-14T16:18:35+00:00,culture-arts,BBC Entertainment & Arts,BBC's serious challenges laid bare in annual report,https://www.bbc.co.uk/news/articles/c1wywpyq9g8o?at_medium=RSS&at_campaign=rss
2026-07-14T06:00:22+00:00,culture-arts,The Guardian (Culture),Can you spot the poacher’s handprint? Earth Photo award winners – in pictures,https://www.theguardian.com/artanddesign/gallery/2026/jul/14/earth-photo-award-winners
2026-07-13T23:03:02+00:00,culture-arts,BBC Entertainment & Arts,Andy Serkis defends lack of diversity in Lord of the Rings cast,https://www.bbc.co.uk/news/articles/c07y400jlngo?at_medium=RSS&at_campaign=rss
2026-07-13T12:10:38+00:00,culture-arts,BBC Entertainment & Arts,Sam Neill: A versatile actor whose roles went far beyond Jurassic Park,https://www.bbc.co.uk/news/articles/cx2wrvqq9rlo?at_medium=RSS&at_campaign=rss
2026-07-13T09:19:44+00:00,culture-arts,BBC Entertainment & Arts,Sam Neill's best-known roles in pictures,https://www.bbc.co.uk/news/articles/c8r271zx43mo?at_medium=RSS&at_campaign=rss
2026-07-13T07:51:32+00:00,culture-arts,The Guardian (Culture),Sam Neill – a life in pictures,https://www.theguardian.com/film/gallery/2026/jul/13/sam-neill-a-life-in-pictures
2026-07-10T18:22:53+00:00,culture-arts,The Guardian (Culture),The week around the world in 20 pictures,https://www.theguardian.com/artanddesign/gallery/2026/jul/10/the-week-around-the-world-in-20-pictures
2026-07-10T09:00:16+00:00,culture-arts,The Guardian (Culture),"Indigenous rebels, migrant bravery and joyful dance: New York’s Latin American Foto Festival – in pictures",https://www.theguardian.com/artanddesign/gallery/2026/jul/10/bronx-documentary-center-latin-american-foto-festival-gallery
2026-07-21T14:04:52+00:00,gaming-esports,Polygon,Nintendo asks for tariff-refund class action lawsuit to be dismissed,https://www.polygon.com/nintendo-us-tariffs-customers-class-action-lawsuit/
2026-07-21T14:00:59+00:00,gaming-esports,Kotaku,Windows 11 Is So Poorly Optimized That Microsoft’s Latest $900 Laptop Reportedly Can’t Use It Without Freezing,https://kotaku.com/microsoft-surface-laptop-windows-11-ram-13-inch-2000717981
2026-07-21T14:00:00+00:00,gaming-esports,IGN,Archie Lives: Get an Exclusive Sneak Peek of the Ambitious Archie Comics Reboot,https://www.ign.com/articles/archie-lives-get-an-exclusive-sneak-peek-of-the-ambitious-archie-comics-reboot
2026-07-21T13:54:33+00:00,gaming-esports,Polygon,The Witcher 3 expansion Song of the Past gets premiere date,https://www.polygon.com/the-witcher-3-dlc-songs-of-the-past-gamescom/
2026-07-21T13:46:03+00:00,gaming-esports,IGN,Spider-Man: Brand New Day Director Insists 'There's a Very Real Reason Not to Tell People Who Sadie Sink is Playing',https://www.ign.com/articles/spider-man-brand-new-day-director-insists-theres-a-very-real-reason-not-to-tell-people-who-sadie-sink-is-playing
2026-07-21T13:30:15+00:00,gaming-esports,Kotaku,Watch Spider-Man: Brand New Day Actor Sadie Sink Expertly Avoid The Jean Grey Question,https://kotaku.com/spider-man-brand-new-day-sadie-sink-jean-grey-ask-question-2000718004
2026-07-21T13:30:00+00:00,gaming-esports,IGN,Corsair Gaming Headsets Score Massive New Discounts at Amazon UK,https://www.ign.com/articles/corsair-gaming-headset-deals-amazon-uk
2026-07-21T13:23:45+00:00,gaming-esports,Polygon,"New X-Files Lego set revealed with first images, release date",https://www.polygon.com/x-files-lego-set-images-release-date/
2026-07-21T13:22:28+00:00,gaming-esports,IGN,Halo: Campaign Evolved and Game Freak's Beast of Reincarnation Lead Xbox Game Pass July 2026 Wave 2 Lineup,https://www.ign.com/articles/halo-campaign-evolved-and-game-freaks-beast-of-reincarnation-lead-xbox-game-pass-july-2026-wave-2-lineup
2026-07-21T13:18:24+00:00,gaming-esports,IGN,Clair Obscur: Expedition 33 on PS5 Is a Couple Dollars Less Than Its Prime Day Price Right Now at Amazon,https://www.ign.com/articles/clair-obscur-expedition-33-on-ps5-is-a-couple-dollars-less-than-its-prime-day-price-right-now-at-amazon
2026-07-21T13:01:38+00:00,gaming-esports,Kotaku,"A Wild Stat About PlayStation Physical Game Sales In The U.S. Shows Why The ‘No Disc, No Buy’ Backlash Faces Such An Uphill Battle",https://kotaku.com/a-wild-stat-about-playstation-physical-game-sales-in-the-u-s-shows-why-the-no-disc-no-buy-backlash-faces-such-an-uphill-battle-2000717977
2026-07-21T13:00:12+00:00,gaming-esports,Polygon,"Despite publisher cutoff and studio closure, Wreckreation 2 is being made by Burnout veterans",https://www.polygon.com/wreckreation-2-when-tides-turn-fiona-sperry-burnout/
2026-07-21T13:00:12+00:00,gaming-esports,Polygon,Splatoon Raiders review: Nintendo's take on Borderlands is a delightful mess,https://www.polygon.com/splatoon-raiders-review/
2026-07-21T13:00:00+00:00,gaming-esports,IGN,Splatoon Raiders Review,https://www.ign.com/articles/splatoon-raiders-review
2026-07-21T12:36:36+00:00,gaming-esports,Dot Esports,"How to pre-register for DCKO, the free-to-play mobile DC fighter",https://dotesports.com/fgc/guides/dcko-mobile-pre-registration
2026-07-21T12:19:35+00:00,gaming-esports,Dexerto (Esports),New running app turns your neighborhood into a real life Civ 7 game,https://www.dexerto.com/gaming/new-running-app-turns-your-neighborhood-into-a-real-life-civ-7-game-3389630/
2026-07-21T12:17:44+00:00,gaming-esports,Polygon,"Anne Rice's Immortal Universe will become a TTRPG, even though Vampire: The Masquerade already exists",https://www.polygon.com/interview-with-the-vampire-ttrpg-anne-rice-immortal-universe/
2026-07-21T12:01:39+00:00,gaming-esports,IGN,Avengers: Doomsday Trailer Leaves Fans Convinced Marvel Has Hidden Characters From a Certain Shot,https://www.ign.com/articles/avengers-doomsday-trailer-leaves-fans-convinced-marvel-has-hidden-characters-from-a-certain-shot
2026-07-21T12:00:12+00:00,gaming-esports,Polygon,Did Tom Holland put Jean Grey in Spider-Man: Brand New Day?,https://www.polygon.com/tom-holland-spider-man-interview-sadie-sink-jean-grey/
2026-07-21T12:00:00+00:00,gaming-esports,IGN,Her Private Hell Review,https://www.ign.com/articles/her-private-hell-review
2026-07-21T11:55:04+00:00,gaming-esports,Kotaku,Nintendo Says It Doesn’t Owe Customers Anything After Increasing Switch Prices For Tariffs It Didn’t Have To Pay,https://kotaku.com/nintendo-switch-2-price-class-action-lawsuit-trump-tariffs-2000717971
2026-07-21T11:50:49+00:00,gaming-esports,Dexerto (Esports),Singapore seniors are taking parkour classes to help prevent falls,https://www.dexerto.com/entertainment/singapore-seniors-are-taking-parkour-classes-to-help-prevent-falls-3389617/
2026-07-21T11:46:43+00:00,gaming-esports,IGN,Preorders Are Live for the LEGO Architecture Tower Bridge Set – Here’s Where You Can Grab It,https://www.ign.com/articles/preorder-lego-architecture-tower-bridge-set-21067
2026-07-21T11:32:08+00:00,gaming-esports,Polygon,"Cult horror movie Jennifer's Body is coming back, here's what it should (and shouldn't) do",https://www.polygon.com/jennifers-body-2-sequel-release-plot/
2026-07-21T11:31:11+00:00,gaming-esports,IGN,The Witcher 3: Wild Hunt — Songs of the Past Reveal Date Confirmed,https://www.ign.com/articles/the-witcher-3-wild-hunt-songs-of-the-past-reveal-date-confirmed
2026-07-21T11:24:55+00:00,gaming-esports,Dexerto (Esports),Andrew Callaghan responds as his GoFundMe raises $1.6m for Channel 5 lawsuit,https://www.dexerto.com/youtube/andrew-callaghan-responds-as-his-gofundme-raises-1-6m-for-channel-5-lawsuit-3389620/
2026-07-21T11:17:29+00:00,gaming-esports,IGN,"Pokémon is Getting a 40,000 Piece Puzzle That Costs $730 — Preorders Now Live",https://www.ign.com/articles/pokemon-is-getting-a-40000-piece-puzzle-that-costs-730
2026-07-21T11:10:48+00:00,gaming-esports,IGN,"Switch 2 Customers Have No Right to U.S. Tariff Refunds, Nintendo Argues, as They 'Received Exactly What They Bargained and Paid For'",https://www.ign.com/articles/switch-2-customers-have-no-right-to-us-tariff-refunds-nintendo-argues-as-they-received-exactly-what-they-bargained-and-paid-for
2026-07-21T11:00:39+00:00,gaming-esports,Dot Esports,How to get Pirate Captain Outfit in Assassin’s Creed Black Flag Resynced,https://dotesports.com/assassins-creed/guides/assassins-creed-black-flag-resynced-pirate-captain-outfit
2026-07-21T11:00:14+00:00,gaming-esports,Kotaku,"After 12 Years, Hexcells Is Still The Best Logic Puzzle Game Ever Made",https://kotaku.com/hexcells-logic-puzzle-game-matthew-brown-best-ever-steam-2000717605
2026-07-21T11:00:12+00:00,gaming-esports,Polygon,A new My Hero Academia story officially releases in 2 weeks,https://www.polygon.com/my-hero-academia-new-anime-short-two-weeks/
2026-07-21T10:59:09+00:00,gaming-esports,Dexerto (Esports),CoD expert reveals how Modern Warfare 4’s TTK compares to MW2 & BO7,https://www.dexerto.com/call-of-duty/cod-expert-reveals-how-modern-warfare-4s-ttk-compares-to-mw2-bo7-3389574/
2026-07-21T10:52:52+00:00,gaming-esports,IGN,"Matilda 2? Mara Wilson Says It's Possible, but Doesn't Quite Understand How It Would Work for One Good Reason",https://www.ign.com/articles/matilda-2-mara-wilson-says-its-possible-but-doesnt-quite-understand-how-it-would-work-for-one-good-reason
2026-07-21T10:47:15+00:00,gaming-esports,Dexerto (Esports),Farmer saves gay sheep from slaughter after they refuse to mate with females,https://www.dexerto.com/entertainment/farmer-saves-gay-sheep-from-slaughter-after-they-refuse-to-mate-with-females-3389540/
2026-07-21T10:46:50+00:00,gaming-esports,Dexerto (Esports),Pilot’s 14-year legal battle over beer on plane is now going to the Supreme Court,https://www.dexerto.com/entertainment/pilots-14-year-legal-battle-over-beer-on-plane-is-now-going-to-the-supreme-court-3389593/
2026-07-21T10:34:18+00:00,gaming-esports,Dexerto (Esports),Ludwig explains why he pays his YouTube editors “hundreds of thousands”,https://www.dexerto.com/youtube/ludwig-explains-why-he-pays-his-youtube-editors-hundreds-of-thousands-3389582/
2026-07-21T10:27:13+00:00,gaming-esports,Dexerto (Esports),Call of Duty’s Ghost actor stars in new action movie Rise of the Footsoldier: Retribution,https://www.dexerto.com/tv-movies/call-of-dutys-ghost-actor-stars-in-new-action-movie-rise-of-the-footsoldier-retribution-3389522/
2026-07-21T10:24:34+00:00,gaming-esports,Dexerto (Esports),Japan Airlines invests in futuristic jet that looks like it’s from a Sci-Fi movie,https://www.dexerto.com/entertainment/japan-airlines-invests-in-futuristic-jet-that-looks-like-its-from-a-sci-fi-movie-3389560/
2026-07-21T10:22:08+00:00,gaming-esports,IGN,The Odyssey Isn't 100% Matt Damon's Bulging Biceps — for One Scene His Stunt Double Was a Woman Who Had 'The Greatest Arms I've Ever Seen',https://www.ign.com/articles/the-odyssey-isnt-100-matt-damons-bulging-biceps-for-one-scene-his-stunt-double-was-a-woman-who-had-the-greatest-arms-ive-ever-seen
2026-07-21T10:16:28+00:00,gaming-esports,Polygon,"The Guild reunion film smashes fundraising goals, earning $2.5 million in less than a day",https://www.polygon.com/the-guild-renfaired-kickstarter-funded/
2026-07-21T09:52:55+00:00,gaming-esports,Dexerto (Esports),Greek drivers keep using collapsed bridge as it’s still quicker than going around,https://www.dexerto.com/entertainment/greek-drivers-keep-using-collapsed-bridge-as-its-still-quicker-than-going-around-3389532/
2026-07-21T09:52:05+00:00,gaming-esports,Dexerto (Esports),"Woman killed after man falls from 12-story building, lands on her, and survives",https://www.dexerto.com/entertainment/woman-killed-after-man-falls-from-12-story-building-lands-on-her-and-survives-3389554/
2026-07-21T09:44:42+00:00,gaming-esports,IGN,Nintendo Switch 2 Drops to Just $399 at Woot Ahead of Incoming Price Hikes,https://www.ign.com/articles/nintendo-switch-2-drops-to-just-399-at-woot-ahead-of-incoming-price-hikes
2026-07-21T09:39:16+00:00,gaming-esports,IGN,"Avengers: Doomsday Describes the Return of Steve Rogers as a 'Miracle,' but Some Marvel Fans Believe There's More Going on Than Meets the Eye",https://www.ign.com/articles/avengers-doomsday-describes-the-return-of-steve-rogers-as-a-miracle-but-some-marvel-fans-believe-theres-more-going-on-than-meets-the-eye
2026-07-21T09:39:02+00:00,gaming-esports,Dot Esports,"MLBB MSC 2026 at Esports World Cup: Schedule, results, brackets, teams, and how to watch",https://dotesports.com/mobile-legends/guides/mlbb-msc-2026-ewc-schedule-results
2026-07-21T08:53:12+00:00,gaming-esports,IGN,"Just 7 PlayStation Games Have Sold More Than 100,000 Physical Copies in the U.S. So Far This Year",https://www.ign.com/articles/just-7-playstation-games-have-sold-more-than-100000-physical-copies-in-the-us-so-far-this-year
2026-07-21T08:25:24+00:00,gaming-esports,Dot Esports,"PUBG Esports World Cup 2026: Schedule, results, standings, teams, and how to watch",https://dotesports.com/pubg/guides/pubg-ewc-2026-schedule-results
2026-07-21T02:17:33+00:00,gaming-esports,Dot Esports,How to unlock FG42 in Black Ops 7 and Warzone,https://dotesports.com/call-of-duty/guides/unlock-fg42-bo7-warzone
2026-07-21T00:29:41+00:00,gaming-esports,IGN,"Leon Kennedy Voice Actor Says Metallica, Nirvana Helped Shape His Performance for the Resident Evil Character",https://www.ign.com/articles/leon-kennedy-voice-actor-says-metallica-nirvana-helped-shape-his-performance-for-the-resident-evil-character
2026-07-21T00:27:12+00:00,gaming-esports,Dot Esports,"When is Warframe: Tau launching? New Warframe release date, story, card game",https://dotesports.com/warframe/guides/warframe-tau-release-date
2026-07-20T23:43:48+00:00,gaming-esports,IGN,Kingdom Hearts Missing-Link Leak Has Fans Wishing Square Enix Hadn't Canceled Its Mobile Spinoff,https://www.ign.com/articles/kingdom-hearts-missing-link-leak-has-fans-wishing-square-enix-hadnt-canceled-its-mobile-spinoff
2026-07-20T23:18:41+00:00,gaming-esports,IGN,Nier Creator Yoko Taro Mourns Death of Physical Media as PlayStation Plans to End Production of Game Discs,https://www.ign.com/articles/nier-creator-yoko-taro-mourns-death-of-physical-media-as-playstation-plans-to-end-production-of-game-discs
2026-07-20T22:47:42+00:00,gaming-esports,Dot Esports,"BLAST Bounty Season 2 2026: Schedule, teams, prize pool, format and more",https://dotesports.com/counter-strike/guides/blast-bounty-s2-2026
2026-07-20T22:46:19+00:00,gaming-esports,Kotaku,Reported Director Of Obsidian’s Upcoming Fallout Game Says RPGS Are ‘At Their Best…When You Can’t Control Everything’,https://kotaku.com/reported-director-of-obsidians-upcoming-fallout-game-says-rpgs-are-at-their-best-when-you-cant-control-everything-2000717793
2026-07-20T22:36:11+00:00,gaming-esports,Kotaku,Mobile Doom Dev Alpha Dog Games Reemerges As An Independent Studio Two Years After Microsoft Closed It,https://kotaku.com/mighty-doom-dev-alpha-dog-games-independent-studio-2000717795
2026-07-20T22:33:48+00:00,gaming-esports,Dot Esports,How to play Modern Warfare 4 Open Beta: Dates and platforms,https://dotesports.com/call-of-duty/guides/cod-mw4-open-beta
2026-07-20T22:00:17+00:00,gaming-esports,Kotaku,Trump FDA Sends Mixed Signals About Diarrhea Lettuce,https://kotaku.com/trump-fda-sends-mixed-signals-about-diarrhea-lettuce-2000717770
2026-07-20T21:30:16+00:00,gaming-esports,Kotaku,14 Classic Xbox 360 Games Are On Sale For Dirt Cheap Right Now,https://kotaku.com/14-classic-xbox-360-games-are-on-sale-for-dirt-cheap-right-now-2000717632
2026-07-20T21:27:31+00:00,gaming-esports,Dot Esports,All achievements in Assassin’s Creed Black Flag Resynced,https://dotesports.com/assassins-creed/guides/all-achievements-in-assassins-creed-black-flag-resynced
2026-07-20T21:00:36+00:00,gaming-esports,Kotaku,"I Watched District 9′s Director’s New, Awful AI-Generated Movie So You Don’t Have To",https://kotaku.com/district-9-director-ai-generated-short-film-nightborne-2000717745
2026-07-20T20:45:12+00:00,gaming-esports,Kotaku,"That’s…Not Injustice 3, DC",https://kotaku.com/dcko-dc-fighting-game-injustice-3-free-to-play-mobile-2000717764
2026-07-20T20:43:01+00:00,gaming-esports,Dexerto (Esports),Coca-Cola reveals new Coke can designs in massive global brand refresh,https://www.dexerto.com/food/coca-cola-reveals-new-coke-can-designs-in-massive-global-brand-refresh-3389466/
2026-07-20T20:11:50+00:00,gaming-esports,Kotaku,"Nier: Automata’s Director Is Sad About PlayStation Discs, Too: ‘Don’t Assume Your Parents And Physical Media Will Always Be There’",https://kotaku.com/nier-automatas-director-is-sad-about-playstation-discs-too-dont-assume-your-parents-and-physical-media-will-always-be-there-2000717751
2026-07-20T19:56:56+00:00,gaming-esports,Dexerto (Esports),Costco shoppers baffled by free samples of water and toilet paper,https://www.dexerto.com/food/costco-shoppers-baffled-by-free-samples-of-water-and-toilet-paper-3389401/
2026-07-20T19:42:03+00:00,gaming-esports,Dexerto (Esports),Burger King preparing for weight loss drug impact with smaller protein-focused menu,https://www.dexerto.com/food/burger-king-preparing-for-weight-loss-drug-impact-with-smaller-protein-focused-menu-3389387/
2026-07-20T19:30:39+00:00,gaming-esports,Kotaku,The Canceled Kingdom Hearts Spin-Off May Have Given Us Clues For The Fourth Game,https://kotaku.com/kingdom-hearts-missing-link-cinematic-leak-kh4-iv-sigurd-2000717735
2026-07-20T18:48:57+00:00,gaming-esports,Dexerto (Esports),YouTuber dies after ingesting poison on stream as viewers desperately try to save him,https://www.dexerto.com/youtube/youtuber-dies-after-ingesting-poison-on-stream-as-viewers-desperately-try-to-save-him-3389380/
2026-07-20T18:40:32+00:00,gaming-esports,Kotaku,GTA Wiki Accuses Fandom Of Ripping Off Its Articles And Shares Evidence: ‘We Want Everyone To See How Shameless They Are About It’,https://kotaku.com/gta-wiki-accuses-fandom-of-ripping-off-its-articles-and-shares-evidence-we-want-everyone-to-see-how-shameless-they-are-about-it-2000717683
2026-07-20T18:25:13+00:00,gaming-esports,Kotaku,Forza Horizon 5 Director Reacts To The Xbox Mess: ‘The Concept Of Game Pass Was Good…Unfortunately It Didn’t Work’,https://kotaku.com/forza-horizon-5-director-reacts-to-the-xbox-mess-the-concept-of-game-pass-was-good-unfortunately-it-didnt-work-2000717725
2026-07-20T18:11:11+00:00,gaming-esports,Dexerto (Esports),"Drinking up to five cups of coffee daily may lower risk of stroke and diabetes, study says",https://www.dexerto.com/food/drinking-up-to-five-cups-of-coffee-daily-may-lower-risk-of-stroke-and-diabetes-study-says-3389355/
2026-07-20T17:50:01+00:00,gaming-esports,Kotaku,Paramount Warner Bros. Merger Temporarily Paused By Judge,https://kotaku.com/paramount-warner-bros-merger-temporarily-paused-by-judge-2000717718
2026-07-20T17:30:37+00:00,gaming-esports,Kotaku,Over 300 New Pokémon And All Of The Other Leaks And Rumors Circulating About Winds And Waves,https://kotaku.com/pokemon-winds-waves-300-pokedex-new-seed-mega-starters-2000717685
2026-07-20T17:25:07+00:00,gaming-esports,Dexerto (Esports),"Breaking Bad IRL: Food TikToker sentenced to life in prison for making drugs, smuggling them in biscuits",https://www.dexerto.com/tiktok/breaking-bad-irl-food-tiktoker-sentenced-to-life-in-prison-for-making-drugs-smuggling-them-in-biscuits-3389349/
2026-07-20T17:15:02+00:00,gaming-esports,Kotaku,Marvel Boss Blames Himself For Mahershala Ali’s Blade Not Getting ‘Off The Ground’,https://kotaku.com/marvel-boss-blames-himself-for-mahershala-alis-blade-not-getting-off-the-ground-2000717660
2026-07-20T17:00:44+00:00,gaming-esports,Kotaku,League Of Legends Classic Makes Skins Free After A Big Fan Backlash,https://kotaku.com/league-of-legends-classic-skins-free-riot-points-2000717612
2026-07-20T16:30:27+00:00,gaming-esports,Kotaku,Fan Frees Gears Of War 2 From Xbox 360 Jail With Unofficial PC Port 18 Years Later,https://kotaku.com/fan-frees-gears-of-war-2-from-xbox-360-jail-with-unofficial-pc-port-18-years-later-2000717634
2026-07-20T15:46:59+00:00,gaming-esports,Dexerto (Esports),These dino nugget plushies can be heated in your microwave & they’re adorable,https://www.dexerto.com/entertainment/these-dino-nugget-plushies-can-be-heated-in-your-microwave-theyre-adorable-3389274/
2026-07-20T15:28:13+00:00,gaming-esports,Dexerto (Esports),McDonald’s launches new Honey Brown Butter Bacon Egg & Cheese biscuit breakfast sandwich,https://www.dexerto.com/food/mcdonalds-launches-new-honey-brown-butter-bec-breakfast-biscuit-sandwich-3389233/
2026-07-20T15:00:26+00:00,gaming-esports,Dexerto (Esports),Sweet Hamster Days creator reveals how GTA 5 actually inspired it,https://www.dexerto.com/gaming/sweet-hamster-days-creator-reveals-how-gta-5-actually-inspired-it-3389207/
2026-07-20T14:47:13+00:00,gaming-esports,Dot Esports,VARREL lands Bic Camera as sponsor in push to grow Japanese esports,https://dotesports.com/general/news/varrel-signs-bic-camera-sponsorship-deal-in-japan
2026-07-20T14:42:46+00:00,gaming-esports,Dexerto (Esports),GTA mod makes Vice City playable inside GTA 3 inside San Andreas,https://www.dexerto.com/gta/gta-mod-makes-vice-city-playable-inside-gta-3-inside-san-andreas-3389131/
2026-07-20T14:41:20+00:00,gaming-esports,Dexerto (Esports),Star Wars’ biggest-ever official exhibition announced with real screen-used props,https://www.dexerto.com/tv-movies/star-wars-biggest-ever-official-exhibition-announced-with-real-screen-used-props-3389196/
2026-07-20T14:41:07+00:00,gaming-esports,Dexerto (Esports),Massive 13-acre Pikachu maze opens to celebrate Pokemon’s 30th anniversary,https://www.dexerto.com/pokemon/massive-13-acre-pikachu-maze-opens-to-celebrate-pokemons-30th-anniversary-3389155/
2026-07-20T14:15:53+00:00,gaming-esports,Dexerto (Esports),"Walmart, Taco Bell & more remove lettuce from shelves after Taylor Farms recall",https://www.dexerto.com/food/walmart-taco-bell-more-remove-lettuce-from-shelves-after-taylor-farms-recall-3389138/
2026-07-20T14:15:44+00:00,gaming-esports,Dexerto (Esports),Argentina president promises national holiday despite losing World Cup final,https://www.dexerto.com/entertainment/argentina-president-promises-national-holiday-despite-losing-world-cup-final-3389105/
2026-07-20T14:11:25+00:00,gaming-esports,Dexerto (Esports),Female streamer staying with Asmongold disgusted after finding cockroach head in fridge,https://www.dexerto.com/twitch/female-streamer-staying-with-asmongold-disgusted-after-finding-cockroach-head-in-fridge-3389153/
2026-07-20T14:03:16+00:00,gaming-esports,Dexerto (Esports),Hololive VTuber Hoshimachi Suisei throws 65 mph strike at baseball game as Hatsune Miku watches,https://www.dexerto.com/entertainment/hololive-vtuber-hoshimachi-suisei-throws-65-mph-strike-at-baseball-game-as-hatsune-miku-watches-3389100/
2026-07-20T12:32:50+00:00,gaming-esports,Dexerto (Esports),UFC fighter Paddy Pimblett reportedly lined up for Mobland role after 52 second win,https://www.dexerto.com/tv-movies/ufc-fighter-paddy-pimblett-reportedly-lined-up-for-mobland-role-after-52-second-win-3389103/
2026-07-20T12:01:00+00:00,gaming-esports,Dexerto (Esports),Blue Moon is turning its iconic orange slice into a ghost pepper challenge for beer lovers,https://www.dexerto.com/food/blue-moon-is-turning-its-iconic-orange-slice-into-a-ghost-pepper-challenge-for-beer-lovers-3388661/
2026-07-20T11:22:50+00:00,gaming-esports,Dexerto (Esports),EA Sports FC successfully predicts World Cup winner for fifth time in a row,https://www.dexerto.com/ea-sports-fc/ea-sports-fc-successfully-predicts-world-cup-winner-for-fifth-time-in-a-row-3389077/
2026-07-20T11:20:39+00:00,gaming-esports,Dexerto (Esports),Woman accused of poisoning husband loses bond after allegedly trying again,https://www.dexerto.com/entertainment/woman-accused-of-poisoning-husband-loses-bond-after-allegedly-trying-again-3389078/
2026-07-20T11:08:41+00:00,gaming-esports,Dexerto (Esports),Hikers rescued after 5-hour trip planned by Google Maps turned out to be 14 hours,https://www.dexerto.com/entertainment/hikers-rescued-after-5-hour-trip-planned-by-google-maps-turned-out-to-be-14-hours-3389044/
2026-07-20T10:39:11+00:00,gaming-esports,Dexerto (Esports),Yung Filly sexual assault trial underway in Australia: Court hears allegations,https://www.dexerto.com/entertainment/yung-filly-sexual-assault-trial-3388992/
2026-07-20T09:51:19+00:00,gaming-esports,Dexerto (Esports),Retired chess champion asked to become president of Hungary,https://www.dexerto.com/entertainment/retired-chess-champion-asked-to-become-president-of-hungary-3388971/
2026-07-20T09:26:07+00:00,gaming-esports,Dexerto (Esports),Lego releases Spain-exclusive World Cup Trophy after 2026 victory,https://www.dexerto.com/lego/lego-releases-spain-exclusive-world-cup-trophy-after-2026-victory-3388970/
2026-07-19T20:00:47+00:00,gaming-esports,Dexerto (Esports),YouTubers sneak into The Odyssey screening by bringing Trojan Horse to theater,https://www.dexerto.com/entertainment/youtubers-sneak-into-the-odyssey-screening-by-bringing-trojan-horse-to-theater-3388912/
2026-07-19T19:48:24+00:00,gaming-esports,Dexerto (Esports),Hatsune Miku World Cup custody battle timeline: Every owner and victim of the 2-1 curse,https://www.dexerto.com/entertainment/hatsune-miku-world-cup-custody-battle-timeline-every-owner-and-victim-of-the-2-1-curse-3388916/
2026-07-19T19:00:21+00:00,gaming-esports,Dexerto (Esports),Hatsune Miku figure turns pop-star into DoodleBob armed with the magic pencil,https://www.dexerto.com/entertainment/hatsune-miku-figure-turns-pop-star-into-doodlebob-armed-with-the-magic-pencil-3388905/
2026-07-19T18:46:29+00:00,gaming-esports,Dexerto (Esports),"Skydiving priest performs blessing 14,000 ft in the air",https://www.dexerto.com/entertainment/skydiving-priest-performs-blessing-14000-ft-in-the-air-3388904/
2026-07-19T17:35:17+00:00,gaming-esports,Dexerto (Esports),Old School RuneScape comes to indie mega-hit Meccha Chameleon with Lumbridge map,https://www.dexerto.com/gaming/old-school-runescape-comes-to-indie-mega-hit-meccha-chameleon-with-lumbridge-map-3388900/
2026-07-19T16:25:20+00:00,gaming-esports,Dexerto (Esports),Elderly man arrested in 45-year-long murder case after police use his trash to find DNA,https://www.dexerto.com/entertainment/elderly-man-arrested-in-45-year-long-murder-case-after-police-use-his-trash-to-find-dna-3388890/
2026-07-19T15:08:47+00:00,gaming-esports,Dexerto (Esports),Paralyzed man able to pet dog for first time in years after brain implant,https://www.dexerto.com/entertainment/paralyzed-man-able-to-pet-dog-for-first-time-in-years-after-brain-implant-3388880/
2026-07-19T14:30:19+00:00,gaming-esports,Dexerto (Esports),Leather jacket worn by Nvidia CEO fetches near $1m at auction,https://www.dexerto.com/entertainment/leather-jacket-worn-by-nvidia-ceo-fetches-near-1m-at-auction-3388879/
2026-07-19T13:32:04+00:00,gaming-esports,Dexerto (Esports),Man sues bank claiming loan for doomed $5.5m mansion should never have been approved,https://www.dexerto.com/entertainment/man-sues-bank-claiming-loan-for-doomed-5-5m-mansion-should-never-have-been-approved-3388865/
2026-07-19T12:31:00+00:00,gaming-esports,Dexerto (Esports),Steal A Brainrot codes (July 2026),https://www.dexerto.com/roblox/steal-a-brainrot-codes-3388813/
2026-07-19T10:58:10+00:00,gaming-esports,Dexerto (Esports),Researchers create robot suit that dresses you and feels straight out of Iron Man,https://www.dexerto.com/entertainment/researchers-create-robot-suit-that-dresses-you-and-feels-straight-out-of-iron-man-3388859/
2026-07-19T09:43:28+00:00,gaming-esports,Dexerto (Esports),Andrew and Tristan Tate arrested in Miami over 38 new UK charges,https://www.dexerto.com/entertainment/andrew-and-tristan-tate-arrested-in-miami-over-38-new-uk-charges-3388833/
2026-07-18T20:33:34+00:00,gaming-esports,Dexerto (Esports),TikTok’s ‘mosquito serial killer’ goes viral for bizarre experiments and notebook of victims,https://www.dexerto.com/tiktok/tiktoks-mosquito-serial-killer-goes-viral-for-bizarre-experiments-and-notebook-of-victims-3388824/
2026-07-18T20:14:14+00:00,gaming-esports,Dexerto (Esports),Messi bathed Yamal as a baby and now they’re set to face off in World Cup Final,https://www.dexerto.com/entertainment/messi-bathed-yamal-as-a-baby-and-now-theyre-set-to-face-off-in-world-cup-final-3388809/
2026-07-18T19:03:52+00:00,gaming-esports,Dexerto (Esports),Paint Or Seek codes (July 2026),https://www.dexerto.com/roblox/paint-or-seek-codes-3388797/
